file,matched_bigrams,sentence
CVX_2024Q1.txt,['future energy'],early this month we announce our third future energy fund focus on venture investment in low carbon technology
CVX_2024Q1.txt,['premier energy'],this strategic combination create a premier energy company with world class capability and asset to deliver superior shareholder value and we look forward to bring the two company together
CVX_2024Q1.txt,['future energy'],give the launch of future energy fund iii can you provide insight into what success case emerge from funds i and ii that prompt this move
CVX_2024Q1.txt,['future energy'],the future energy funds focus on energy transition theme
CVX_2024Q1.txt,"['regard renewable', 'renewable portion']",regard the renewable portion of your portfolio you ’ve announce fid on a couple of renewable project one in biofuel and another in solar to hydrogen
CVX_2024Q1.txt,['policy renewable'],these undertaking be influence by government policy such as the renewable fuel standard and the inflation reduction act which differ from our traditional business model
CVX_2024Q1.txt,"['traditional energy', 'carbon energy']",while ongoing operation be crucial the policy environment be focus on reduce investment in traditional energy and foster low carbon energy solution
CVX_2024Q2.txt,['new energy'],we continue to advance growth opportunity in our traditional and new energy business by add new exploration play in west africa and south america achieve key milestone on the aces green hydrogen project and commission the geismar renewable diesel plant expansion which be expect to come online by the end of the year
CVX_2024Q2.txt,['carbon intensity'],in the gulf of mexico we ’re leverage our deepwater expertise with plan to deliver high cash margin low carbon intensity production growth
CVX_2024Q2.txt,['efficient unit'],our development have become more capital efficient unit drilling cost have come down and facility design be optimize for high return
CVX_2024Q2.txt,['transition renewable'],this maybe transition we to renewable fuel where these be market that be heavily influence not just by supply and demand but also by policy because a lot of the value be drive through the credit associate with those
CVX_2024Q2.txt,"['fuel create', 'carbon energy']",we think drop in renewable fuel be go to be part of create a low carbon energy system in the future
CVX_2024Q3.txt,"['carbon intensity', 'greenhouse gas', 'gas emission']",our operation in colorado be among the low carbon intensity in the industry benefit from tankless production facility that low greenhouse gas emission by 90 compare to old design
CVX_2024Q3.txt,"['greenhouse gas', 'gas emission', 'grid power']",where possible we utilize grid power rig that reduce more than 60 of our on site greenhouse gas emission from drilling
CVX_2024Q4.txt,['energy expand'],this include outstanding performance in the permian exceed expectation with production growth of nearly 18 from last year deliver key project start up in the gulf of america fully integrate pdc energy expand our position in the dj basin optimize our portfolio through asset sale and swap that maximize long term value and complete wpmp and achieve first oil at the future growth project at tco last week
CVX_2024Q4.txt,"['new energy', 'lower carbon', 'carbon intensity']",we continue to build our new energy business and complete project to lower the carbon intensity of our operation
CVX_2024Q4.txt,['new energy'],inorganic capex of $ 530 million relate mostly to lease acquisition and new energy investment
CVX_2024Q4.txt,['plant decade'],in western australia our discover resource have the ability to keep our lng plant full for decade
CVX_2024Q4.txt,['capture storage'],in carbon capture and storage bayou bend be work towards a feed decision for the offshore project and we ’re also develop plan to capture and store co2 from our pascagoula refinery
CVX_2024Q4.txt,"['nearly gigawatt', 'ghg emission']",chevron be position to participate in this growth and generate competitive return through integration with our u.s. natural gas business experience in building and operate nearly five gigawatt of reliable behind the meter power and expertise in technology that can help provide a pathway to reduce ghg emission
CVX_2024Q4.txt,['carbon energy'],so neil i would tell you you should think of this as be align with what we have say we be look to do which be leverage our strength to advance low carbon energy solution to meet demand growth in the world
CVX_2024Q4.txt,['nearly gigawatt'],we operate nearly 5 gigawatt of reliable and at scale power today at gorgon at tco and refinery
CVX_2024Q4.txt,['power player'],we have say we do not envision ourselves as a merchant power player and we still do not
CVX_2024Q4.txt,['grid country'],importantly the last thing i will say be i think most of the people on the call be familiar with the challenge that the grid in this country face right now and ensure we keep the supply of electricity reliable into the economy as it stand today
CVX_2024Q4.txt,['grid meter'],do this off the grid and behind the meter do not far tax an already tax distribution infrastructure and it do not put this investment cost into the rate base and drive up cost for consumer as well
CVX_2024Q4.txt,['carbon intensity'],they be look for reliable and fast solution to deliver this power and eventually low carbon option to reduce carbon intensity
CVX_2024Q4.txt,['series energy'],there be be in the u.s. now a series of energy relate executive order over the past week
CVX_2024Q4.txt,"['new energy', 'energy opportunity']",i be wonder if you could talk through how this might impact some of your oil and gas operation especially give the large presence you have in the gulf and then new energy opportunity and we think through the flurry of news flow over the last year
CVX_2024Q4.txt,['protect environment'],we be focused on keep our people safe ensure that asset operate in a way that protect the environment and comply with all the law
CVX_2024Q4.txt,['power initiative'],lastly regard your ai gas fire power initiative what area be you scale back capex on that may now seem less favorable base on current guidance
CVX_2024Q4.txt,['provide energy'],previous capital expenditure do not yield similar growth so we be improve our capital efficiency and continuously seek way to provide energy with low capital investment
DUK_2024Q1.txt,['utility solar'],"in florida we be on track to have 1,500 megawatt of utility own solar in service by year end"
DUK_2024Q1.txt,['class natural'],in the carolinas we file certificate of public convenience and necessity in march to build more than 2 gigawatt of new advanced class of natural gas generation
DUK_2024Q1.txt,['exist coal'],each of these new facility will be sit in exist coal plant and will provide need dispatchable generation when those unit retire
DUK_2024Q1.txt,['nation energy'],we believe natural gas must be a part of not just duke 's but our nation 's energy transition strategy
DUK_2024Q1.txt,"['affordable energy', 'renewable energy']",in the face of unprecedented demand from ai datum center chip manufacturer and other economic development natural gas remain an essential tool to provide reliable and affordable energy for customer and complement our substantial investment in renewable and energy storage
DUK_2024Q1.txt,['epa recently'],as you know the epa recently release rule that place limit on certain baseload generation source
DUK_2024Q1.txt,['solar battery'],the filing also cover investment to add new solar and battery as well as improve the efficiency of our current generation asset
DUK_2024Q1.txt,['resiliency security'],since our last case we have invest more than $ 1.6 billion to support the state 's grow population and increase the resiliency and security of the grid
DUK_2024Q1.txt,"['investment comply', 'reliable natural']",the request cover significant infrastructure investment to comply with federal safety regulation enhance the customer experience and provide safe reliable natural gas service
DUK_2024Q1.txt,['pass natural'],as part of the filing piedmont be also request concurrent rate reduction for pass through natural gas cost which will help mitigate the impact to the customer bill
DUK_2024Q1.txt,['support load'],and we feel like update load without update the capex to support the load might be a bit disconnected and not the full picture
DUK_2024Q1.txt,['integrate resource'],could you elaborate on how you be think about the new epa rule and how that might impact some of your integrate resource plan particularly the long term resource plan that be currently in progress
DUK_2024Q1.txt,"['affordable reliable', 'need carbon']",we be still focused on make sure that we have an affordable and reliable plan for the customer in north carolina while meet our need for our carbon reduction
DUK_2024Q1.txt,"['solar battery', 'particularly solar']",it be add additional resource particularly solar and battery and new gas as well
DUK_2024Q1.txt,"['include renewable', 'renewable battery']",and it include renewable and battery and energy efficiency demand response the entire collection of resource necessary to meet load
DUK_2024Q1.txt,['grid new'],as you consider your capital plan regard investment and the grid as well as new generation have you notice any supply chain constraint in procure generation kit or transmission equipment that we should be aware of
DUK_2024Q1.txt,['turbine manufacturer'],as we look to build generation at scale we be look at area like epc contractor turbine manufacturer and other component to support the generation build
DUK_2024Q2.txt,['wind bring'],along with tropical storm force wind the system be bring heavy rain
DUK_2024Q2.txt,"['focus grid', 'grid generation']",we have clear growth visibility drive by our $ 73 billion capital plan which be focus on grid and generation investment to support the grow community we serve
DUK_2024Q2.txt,"['affordable reliable', 'clean energy']",the outcome support essential critical infrastructure investment acknowledge the rise cost of capital through high roe and allow we to meet our customer demand for affordable reliable and increasingly clean energy now and into the future
DUK_2024Q2.txt,['clean energy'],our plan call for a diverse and increasingly clean energy mix that serve our grow customer base while preserve reliability and affordability
DUK_2024Q2.txt,"['include renewable', 'renewable natural']",importantly the settlement adopt our near term action plan include renewable and natural gas investment as well as early development activity for long lead time resource
DUK_2024Q2.txt,['exist coal'],these advanced class unit will be locate at exist coal plant slat for retirement ensure continued reliability in complement our significant investment in renewable
DUK_2024Q2.txt,"['clean energy', 'megawatt clean']",look ahead we plan to build 12 solar plant between 2025 and 2027 add another 900 megawatt of clean energy to the florida grid
DUK_2024Q2.txt,['affordable energy'],before i turn it over to brian i want to commend all our teammate for their unwavering focus on operational excellence ensure reliable and affordable energy to our customer every day
DUK_2024Q2.txt,['power florida'],as lynn mention many of our teammate be actively work to restore power to our florida customer impact by hurricane debby
DUK_2024Q2.txt,"['clean energy', 'invest clean']",to that end we recently execute mous with google microsoft nucor and amazon to explore tailor solution to meet large scale energy need and develop rate structure to lower the long term cost of invest in clean energy technology
DUK_2024Q2.txt,"['meet sustainability', 'sustainability goal']",we be try to meet their sustainability goal and we be try to do so in a way that protect retail customer while meet their timeline
DUK_2024Q2.txt,['clean energy'],i be pleased to share that the mou have ampe up the constructiveness of our discussion with these customer and bring a lot of excitement on their end for these clean energy piece
DUK_2024Q2.txt,['clean energy'],i would just add julien the mou have really ampe up the constructiveness of our discussion with these customer and there be a lot of excitement on their end for these clean energy piece
DUK_2024Q2.txt,['clean energy'],and the idea here be select either some kind of smr offtake or some kind of clean energy offtake that would specifically not impact the customer just when you think about what the mou comprise
DUK_2024Q2.txt,['carbon free'],they have an interest obviously in carbon free generation and nuclear represent an around the clock option
DUK_2024Q2.txt,"['clean energy', 'bring clean', 'energy state']",they have be very positive about the fact that we be explore these discussion as it be a win win for economic development and bring clean energy to the state while protect retail customer
DUK_2024Q2.txt,['clean energy'],jeremy no matter what happen in november our objective be the same which be to keep serve our customer well with reliable affordable and increasingly clean energy
DUK_2024Q2.txt,['provide energy'],the commission be very engaged in provide this energy transition affordably and reliably to our customer which align to what we be do
DUK_2024Q2.txt,['energy economic'],so it be a partnership between duke energy and the economic development engine of each state and there be a lot of understanding on the part of the state of what be come
DUK_2024Q2.txt,['state meet'],as harry indicate we believe the plan that we have put forward in both state meet the requirement of the objective that both state have set out
DUK_2024Q2.txt,['expansion nuclear'],we will work through this in a thoughtful way but i do believe that continue expansion of nuclear here in the carolinas could make sense as we get into the 2030 and beyond
DUK_2024Q3.txt,['wind heavy'],"the system then make its way north through our carolina service territory bring high wind heavy rain and cause outage for 700,000 customer"
DUK_2024Q3.txt,['modernize grid'],last year alone we invest more than $ 4 billion to harden and modernize the grid
DUK_2024Q3.txt,['coastal area'],this include target undergrounding pole upgrade to steel and concrete in coastal area and self heal technology
DUK_2024Q3.txt,['asset grid'],go forward we will continue to invest in these critical infrastructure asset with grid investment account for half of our five year $ 73 billion capital plan
DUK_2024Q3.txt,"['asset renewable', 'renewable battery', 'generation resource']",plan for natural gas asset renewable and battery storage also add diversity to our generation resource in the state
DUK_2024Q3.txt,"['grid solar', 'solar battery']",the three year multi year rate plan allow for timely recovery of grid solar and battery investment
DUK_2024Q3.txt,['reliable natural'],investment will focus on federal safety regulation enhance the customer experience and provide safe reliable natural gas service
DUK_2024Q3.txt,"['affordable reliable', 'clean energy']",these outcome support essential critical infrastructure investment acknowledge the rise cost of capital through high roe and allow we to meet our customer demand for affordable reliable and increasingly clean energy now and into the future
DUK_2024Q3.txt,['extreme weather'],additionally as with any extreme weather period third quarter weather normal volume likely reflect some impact from the major storm
DUK_2024Q3.txt,"['energy carbon', 'carbon free']",we be talk to many customer and they be very serious about see data center in the carolinas specifically because over half our energy be carbon free nuclear
DUK_2024Q3.txt,['renewable addition'],maybe specifically regard coal plant retirement or renewable addition
DUK_2024Q3.txt,"['affordable reliable', 'deliver affordable']",i want to extend congratulation to president trump on his work and look forward to work with his administration on our task of deliver affordable reliable power
DUK_2024Q3.txt,['role utility'],the governor understand the important role utility play in investing in infrastructure and drive growth
DUK_2024Q3.txt,"['affordable reliable', 'deliver affordable', 'reliable energy']",our conviction around deliver affordable and reliable energy resonate in our state and at the federal level
DUK_2024Q3.txt,['file irp'],we file our irp last week in indiana
DUK_2024Q3.txt,['plan irp'],we will file the cpcn at the cayuga plant at the beginning of next year and expect to move forward with the plan in the irp as we progress into next year
DUK_2024Q3.txt,['file resource'],when in 2025 do you expect to file that resource plan and how should we think about the size of it
DUK_2024Q4.txt,['integrate resource'],this capital represent infrastructure spending drive by grow jurisdiction and underpin by robust regulatory process such as integrate resource plan and approve grid investment
DUK_2024Q4.txt,['energy enter'],duke energy enter the back part of this decade in a position of strength and we be excited about the future
DUK_2024Q4.txt,"['administration commitment', 'affordable energy', 'energy meet']",share the new administration 's commitment to ensure the availability of reliable and affordable energy to meet our country 's aspiration for technology leadership and economic growth
DUK_2024Q4.txt,['construction gigawatt'],in the carolinas we have start construction on over two gigawatt of natural gas generation that be approve last year
DUK_2024Q4.txt,['strengthen grid'],work with stakeholder across our jurisdiction we have tailor state specific multiyear investment plan that strengthen the grid and ensure our ability to connect new large load customer
DUK_2024Q4.txt,['legislation way'],could legislation in any way change your ability to execute differently on the resource plan you have put out there
DUK_2024Q4.txt,['legislation make'],so we do not anticipate change to our plan from the legislation but it will make the tone in south carolina strong for we and we support that and continue to work with our policymaker on that front
DUK_2024Q4.txt,['integrate resource'],we have integrate resource plan in place etcetera
DUK_2024Q4.txt,['strong nuclear'],and if i be to talk about nuclear in particular we have be we be a strong nuclear operator
DUK_2024Q4.txt,['engage state'],so we be deeply engage in the state level and the federal level and a lot of opportunity to support growth across the us
DUK_2024Q4.txt,['point electric'],but you will see one item i would point to in our electric walk up
GM_2024Q1.txt,['battery electric'],one journalist drive a silverado ev work truck and three compete battery electric truck on a 500 mile trip over the rocky mountains while tow trailer
GM_2024Q1.txt,"['efficient program', 'deliver affordable', 'affordable electric']",it be a profitable and capital efficient program that will deliver one of the most affordable electric vehicle around when it arrive in late 2025
GM_2024Q1.txt,['vehicle gain'],and as mary mention the vehicle be gain momentum
GM_2024Q1.txt,['clean energy'],"and because of our supply chain effort customer be well positioned to leverage the $ 7,500 clean energy consumer purchase tax credit"
GM_2024Q1.txt,['vehicle opportunity'],and then as we go forward as the new software go across multiple vehicle then that give we an opportunity to focus more on grow subscription and service
GM_2024Q1.txt,"['solution pursue', 'electrification strategy']",we be leverage both our global and sometimes local solution as we pursue our electrification strategy
GM_2024Q1.txt,"['new energy', 'energy vehicle']",currently new energy vehicle represent about 30 of gm 's total delivery in china from the first quarter and we aim to expand on that this year with a strong launch schedule for new vehicle
GM_2024Q1.txt,"['electric vehicle', 'vehicle electric']",start from the second quarter onward we will introduce several plug in hybrid electric vehicle and move towards full electric vehicle as well
GM_2024Q1.txt,"['electric vehicle', 'vehicle internal']",on one hand there be price cutting for electric vehicle but the internal combustion engine side appear to be hold up well
GM_2024Q1.txt,['charge infrastructure'],the charge infrastructure be improve every quarter and i feel good about our momentum
GM_2024Q1.txt,['electric vehicle'],"as for the growth in electric vehicle we anticipate a rise in supply throughout the year as we work towards produce between 200,000 to 300,000 unit as previously mention"
GM_2024Q1.txt,['vehicle design'],these vehicle be design to meet customer expectation in term of performance and functionality position we well
GM_2024Q1.txt,"['electric vehicle', 'engine electric']",furthermore our overall portfolio remain strong whether with internal combustion engine or electric vehicle
GM_2024Q1.txt,"['new energy', 'energy vehicle']",yes we have some strong new energy vehicle come in china this year
GM_2024Q1.txt,['electric vehicle'],we also have plug in hybrid electric vehicle entry in the buick gl8 and the equinox
GM_2024Q1.txt,['engine vehicle'],regard our internal combustion engine vehicle we have a lead with the gl8 and more upgrade be plan
GM_2024Q1.txt,"['new energy', 'energy vehicle']",additionally we have new energy vehicle launch in sgm
GM_2024Q1.txt,"['electric vehicle', 'new energy', 'energy vehicle']",this allow we to compete in the new energy vehicle market include plug in hybrid hybrid internal combustion engine vehicle and electric vehicle
NEE_2024Q1.txt,['solar energy'],in addition fpl place into service 1640 mw of new solar while energy resources add 2765 mw of new renewable and storage project to its backlog
NEE_2024Q1.txt,['solar good'],this quarter mark energy resources second good origination quarter ever as well as its good solar and good storage origination quarter
NEE_2024Q1.txt,['flat power'],after year of relatively flat u.s. power growth numerous report now highlight significant future low growth be drive across industry such as oil and gas manufacturing and technology
NEE_2024Q1.txt,"['believe renewable', 'storage key']",we believe renewable and storage be a key enabler to help meet this increase demand
NEE_2024Q1.txt,['believe renewable'],in fact we believe the u.s. renewable and storage market opportunity have the potential to be three time large over the next seven year compare to the last seven grow from roughly 140 gigawatt of addition to approximately 375 to 450 gigawatt
NEE_2024Q1.txt,"['fpl continue', 'continue solar', 'solar storage']",as fpl continue its solar and storage build out and energy resources bring new renewable and storage project online for customer the operate fleet could grow to over 100 gigawatt by the end of 2026
NEE_2024Q1.txt,['solar supply'],and the good news be that the solar supply chain have much improve from two year ago
NEE_2024Q1.txt,"['reliable generation', 'clean energy']",our experience allow we to navigate power demand challenge deliver cost effective reliable generation for our grow fpl customer base and design clean energy solution to help our energy resources customer
NEE_2024Q1.txt,['interconnect transmission'],we recognize the change landscape and secured land interconnect and transmission equipment year in advance
NEE_2024Q1.txt,['energy capture'],today nextera energy capture 560 billion operational datum point each day and have dozen of proprietary artificial intelligence tool to drive analytical real time decision making
NEE_2024Q1.txt,"['deliver clean', 'clean affordable', 'affordable energy']",at fpl as more people move into florida we be focus on extend the customer value proposition by keep our bill as low as possible and deliver clean affordable energy by invest in solar battery storage and transmission
NEE_2024Q1.txt,['solar battery'],at energy resources our business be focus on build low cost wind solar battery storage and transmission
NEE_2024Q1.txt,['clean energy'],for both power and commercial and industrial customer we leverage our 300 gigawatt development pipeline and transmission and market expertise to help design the low cost clean energy solution
NEE_2024Q1.txt,['electricity need'],when i consider current energy demand the long term electricity need and our competitive advantage i would not trade our opportunity set with anyone
NEE_2024Q1.txt,['performance fpl'],the principal driver of this performance be fpl 's regulatory capital employ growth of approximately 11.5 year over year
NEE_2024Q1.txt,['result fpl'],as a result fpl 's typical 1000 kilowatt hour residential customer bill be expect to be roughly $ 14 low in may than the start of the year and approximately 37 low than the current national average
NEE_2024Q1.txt,"['effective solar', 'utility solar']",this quarter fpl place into service 1640 mw of new cost effective solar put fpl 's own and operate solar portfolio at over 6400 mw which be the large utility own solar portfolio in the country
NEE_2024Q1.txt,"['solar storage', 'reliable grid']",fpl 's annual ten year site plan continue to indicate that solar and storage be the most cost effective answer for customer to add reliable grid capacity over the next decade
NEE_2024Q1.txt,"['clean affordable', 'affordable energy', 'customer clean']",with this plan we expect to increase fpl 's solar mix from approximately 6 of our total generation in 2023 to 38 in 2033 while continue to provide customer with clean affordable energy
NEE_2024Q1.txt,['grow solar'],fpl believe battery storage will play an increasingly valuable role for customer serve as an attractive capacity complement to our grow solar generation
NEE_2024Q1.txt,"['supply energy', 'energy time']",from provide system balancing need in critical part of fpl 's service territory to supply energy during any time of day or weather condition battery storage act as a key resource to the system that be both valuable and cost effective for customer
NEE_2024Q1.txt,"['clean energy', 'exist clean', 'unfavorable wind']",our exist clean energy portfolio decline $ 0.02 per share primarily due to unfavorable wind resource during the quarter
NEE_2024Q1.txt,['solar storage'],we recently plug 740 mw of new solar and storage project into service which be be use to support data center locate in arizona and new mexico
NEE_2024Q1.txt,"['clean energy', 'large battery', 'reliable clean']",both of these project be now among the large battery storage facility in their respective state and in combination with their co located solar each project enable the local utility to serve their customer need for new reliable clean energy to grow their own business operation
NEE_2024Q1.txt,['effective renewable'],we be see it manifest with our power customer in their state rfp process and bilateral discussion where we deliver cost effective renewable and storage to their grid
NEE_2024Q1.txt,['clean energy'],our technology customer have be a consistent driver of demand for many year reflect by our roughly 3 gigawatt operating portfolio and over 3 gigawatt project backlog as we partner with they to provide various clean energy solution base on their key business variable
NEE_2024Q1.txt,['overall renewable'],we continue to expect to remain on track for our overall renewable development expectation of roughly 33 to 42 gigawatt from 2023 through 2026
NEE_2024Q1.txt,"['clean energy', 'support california', 'energy goal']",we believe this project could unlock over 3 gigawatt of new renewable generation capacity support california 's ambitious clean energy goal
NEE_2024Q1.txt,['operate transmission'],we continue to believe our ability to build own and operate transmission be a key advantage for our renewable business
NEE_2024Q1.txt,['gigawatt wind'],in term of nextera energy partners growth plan as a reminder it involve organic growth specifically repowere approximately 1.3 gigawatt of wind project through 2026 as well as acquire asset at attractive yield
NEE_2024Q1.txt,"['mw wind', 'wind facility']",today we be announce plan to repower an additional approximately 100 mw of wind facility through 2026
NEE_2024Q1.txt,"['unfavorable wind', 'wind resource']",first quarter adjust ebitda contribution from exist project decline by approximately $ 37 million year over year drive primarily by unfavorable wind resource during the quarter and low generation at genesis solar project as a result of a plan outage for major maintenance
NEE_2024Q1.txt,['wind resource'],wind resource be approximately 97 of long term average versus 102 in the first quarter of 2023
NEE_2024Q1.txt,['talk renewable'],and there be obviously be a lot of talk about renewable and nuclear and i do want to i be a little more of a skeptic about nuke and let i explain why that be
NEE_2024Q1.txt,['focus renewable'],in our discussion with datum center developer and provider their first focus be renewable
NEE_2024Q1.txt,"['concern wind', 'blow sun']",and i hear a lot about the reliability concern and well what do you do when the wind do not blow and the sun do not shine and the four hour battery be do enough
NEE_2024Q1.txt,['clean energy'],we can also help work with they to design a clean energy solution where if they do have a grid by we can green it up with wreck from our green desk
NEE_2024Q1.txt,['water resource'],we have technology and tool which we showcase back in march where we can identify partner in the country that not only the good resource area but also the good fiber connectivity the good water resource
NEE_2024Q1.txt,['solar storage'],good strength in the addition this quarter and we continue to see a lot of strength in the solar and the storage piece of it
NEE_2024Q1.txt,['solar storage'],and in the ira the introduction of the production tax credit for solar which make solar more attractive than it be even before as well as a standalone itc for storage so that really spur demand for solar and storage
NEE_2024Q1.txt,['solar storage'],it be go to be solar and storage etcetera
NEE_2024Q1.txt,"['return wind', 'wind storage']",so mid teen for solar and above 20 lever return for wind and storage technology
NEE_2024Q1.txt,['drive renewable'],but i think it be safe to say at this point that we see strong driver for a long period of time decade into the future drive renewable penetration in electricity and electricity penetration into overall u.s. energy consumption which set up terrific dynamic for we to continue to compete and create opportunity to invest capital for our shareholder at very attractive return
NEE_2024Q1.txt,['wind storage'],so mid teen in solar and above 20 for both wind and storage
NEE_2024Q1.txt,['solar continue'],my expectation be that as time go on we would likely add more storage to our plan go forward because it be that attractive in the overall economic especially as we add solar which again continue to be the good proposition from a cost standpoint for our customer
NEE_2024Q2.txt,['performance fpl'],the continued strong financial and operational performance at both fpl and energy resources position our company well to meet its overall objective for the year
NEE_2024Q2.txt,['fpl continue'],at fpl we have continue to deliver for our customer on multiple front since the start of our most recent rate settlement in 2022
NEE_2024Q2.txt,"['generation retire', 'cost renewable', 'renewable battery']",with regard to the former we have long be a beneficiary of a replacement cycle where high cost less efficient generation have be retire in favor of low cost renewable and battery storage
NEE_2024Q2.txt,['transmission require'],our scale experience and technology couple with our ability to build new transmission where require enable we to meet the grow demand of our power and commercial and industrial customer base
NEE_2024Q2.txt,['renewable battery'],these result support our belief that the bulk of the growth demand will be meet by a combination of new renewable and battery storage
NEE_2024Q2.txt,['storage help'],the importance of renewable and storage to help meet our economy grow demand for power have never be more evident
NEE_2024Q2.txt,['american wind'],renewable and storage be energy independent as they rely on american wind and sunshine
NEE_2024Q2.txt,['clean energy'],as customer increasingly demand smart clean energy solution we be the company with experience in every part of the energy value chain and be uniquely position to help they make the right decision for their business
NEE_2024Q2.txt,"['importance natural', 'bridge fuel']",as the owner and operator of a large natural gas fire fleet in florida we be also conscious of the importance of natural gas fire generation as a bridge fuel
NEE_2024Q2.txt,['renewable help'],low cost fast to deploy renewable help keep power price down make our economy more competitive globally
NEE_2024Q2.txt,"['form energy', 'sector renewable', 'renewable particular']",ultimately our country need all form of energy as we move forward and the future have never be bright for the power generation sector as a whole and renewable in particular
NEE_2024Q2.txt,['energy build'],as i have be say nextera energy be build for this moment and our future outlook have never be strong
NEE_2024Q2.txt,"['transmission require', 'clean energy']",our strategic focus be to deliver low cost clean energy and storage for customer both inside and outside florida while build new transmission where require to support new generation
NEE_2024Q2.txt,['performance fpl'],the principal driver of this performance be fpl 's regulatory capital employ growth of approximately 10.7 year over year
NEE_2024Q2.txt,['result fpl'],as a result fpl grow retail sale in the second quarter by roughly 1.1 on a weather normalize basis
NEE_2024Q2.txt,"['clean energy', 'exist clean', 'wind resource']",our exist clean energy portfolio increase $ 0.06 per share primarily reflect an increase in wind resource during the quarter
NEE_2024Q2.txt,['wind resource'],wind resource for q2 of 2024 be approximately 104 of the long term average versus 88 in the second quarter of 2023
NEE_2024Q2.txt,['strength renewable'],similar to what we see this quarter the increase contribution from new investment drive by the strength of our renewable development program be expect to more than offset any slowing in gas infrastructure growth go forward
NEE_2024Q2.txt,['visibility energy'],"with these addition our backlog now total roughly 22.6 gigawatt after take into account more than 1,600 megawatt of new project place in service since our last earning call provide great visibility into energy resources ability to deliver on our development program expectation which we recently extend at our investor conference"
NEE_2024Q2.txt,['gigawatt renewable'],a great example be our collaboration with entergy where we be target to build 4.5 gigawatt of renewable storage solution to help they meet both their new increase load demand and energy transition goal
NEE_2024Q2.txt,['solar storage'],we can dramatically improve our speed to market by utilize the exist interconnection from our operating footprint to deploy co locate solar and storage as well as execute on wind and potentially solar repower
NEE_2024Q2.txt,"['wind resource', 'favorable wind', 'low solar']",second quarter adjust ebitda contribution from exist project grow by approximately $ 62 million year over year drive primarily by favorable wind resource during the quarter and partially offset by low solar generation
NEE_2024Q2.txt,['wind resource'],wind resource be approximately 103 of the long term average versus 88 in the second quarter of 2023
NEE_2024Q2.txt,['clean energy'],nextera energy partners own a large portfolio of high quality long term contract clean energy asset and the partnership have attractive organic growth from the repowering of its exist portfolio
NEE_2024Q2.txt,['investment fpl'],so this remember that the surplus mechanism be intend really just to deal with the regulatory lag as we make new investment at fpl to accommodate the additional growth
NEE_2024Q2.txt,['mix renewable'],yeah it be a 1.6 gigawatt portfolio just a mix of renewable asset
NEE_2024Q2.txt,['vineyard wind'],i know you be not do offshore wind but just this recent issue with the ge turbine at vineyard wind and i know there be a lawsuit file by aep
NEE_2024Q2.txt,['solar battery'],our core business be wind solar battery storage transmission both inside and outside of florida
NEE_2024Q2.txt,['addition renewable'],those certainly be two thing that we look at in addition to the renewable portfolio
NEE_2024Q2.txt,"['addition gigawatt', 'gigawatt add']",as you will see some of those strong addition of the 3 gigawatt that we add to our backlog particularly notably strong in year 26 and 27 and even some megawatt add to 28 and beyond
NEE_2024Q2.txt,['nuclear portfolio'],and you also have this nuclear portfolio
NEE_2024Q2.txt,['nuclear portfolio'],and how do we kind of think about the strategic positioning of your nuclear portfolio
NEE_2024Q2.txt,"['market clean', 'connect renewable']",so between the attractive price the speed to market the clean attribute of renewable and storage as well as the fact as we talk about last month in the queue across the united states today 90 of those megawatt that be look to be connect be renewable and storage and we have a healthy portion of those
NEE_2024Q2.txt,['thousand megawatt'],we be hear utility around the country now with fast grow pipeline thousand of megawatt of datum center request
NEE_2024Q2.txt,['hear power'],we certainly be hear from our power sector customer a lot of interest from various datum center customer whether the data center operator or the hyperscaler
NEE_2024Q2.txt,"['online megawatt', 'megawatt transmission']",it be go to take some time not only to rationalize that and figure out how you address it but also to procure and bring online the megawatt and the transmission over the long term that be go to be require to serve this demand if it end up be as strong as we see and think it might be
NEE_2024Q2.txt,['solar storage'],be you embed wind solar storage multiple technology in term of what product maybe make sense for these hyperscaler deal
NEE_2024Q2.txt,"['solar battery', 'demand wind']",but those specifically be new contract and they be to support data center demand wind solar and battery storage
NEE_2024Q2.txt,"['solar battery', 'technology wind']",more broadly speak from a hyperscalar perspective they be interested in a variety of technology wind solar and battery storage
NEE_2024Q2.txt,['clean energy'],the incentive favor republican state and we have see an increase in the number of republican lawmaker that be embrace the clean energy credit within the ira as they see the positive impact on their state and community which be hard to turn away from
NEE_2024Q2.txt,"['role renewable', 'renewable play']",let us not forget the important role that renewable play renewable create job they create a property tax base that transform rural community
NEE_2024Q2.txt,"['renewable energy', 'energy independence', 'electricity generate']",renewable be energy independence it be electricity generate from the sun and the wind it be not subject to fuel price volatility
NEE_2024Q2.txt,['cost renewable'],low cost renewable be also bring power bill down which attract new investment from datum center semiconductor chip manufacturer and other sector look to invest in the u.s. low power bill can dictate which state they select to make those investment in
NEE_2024Q2.txt,"['solar battery', 'place wind']",for all these reason we expect the credit to remain in place for wind for solar for battery storage
NEE_2024Q2.txt,['wind demand'],and do you think that be a potential sign of an inflection on the wind demand side
NEE_2024Q2.txt,['additional wind'],it be terrific that we be able to add some additional wind project to the backlog
NEE_2024Q2.txt,['solar battery'],it be early in the cycle to make that conclusion but we strongly believe that wind solar and battery storage as complementary technology and low cost and fast to deploy as john just highlight be immensely valuable to our customer
NEE_2024Q2.txt,['solar storage'],and then if you could also just clarify be that purely in term of wind solar storage or do that also include transmission
NEE_2024Q2.txt,['trend renewable'],it be a mix of technology probably trend wise fairly consistent with what we have see for overall trend for renewable development
NEE_2024Q2.txt,['solar storage'],in term of the backlog for now they be more weight towards solar and storage but i expect that to even out over time particularly as these product get more deliberately balanced with new datum center demand as these hyperscaler and datum center operator be start to put project in service
NEE_2024Q2.txt,['build transmission'],but what be not change be the need to build transmission
NEE_2024Q2.txt,['build transmission'],i do not see they necessarily want to build transmission but they be very interested in have we and other ensure that it get build to support their long term objective
NEE_2024Q2.txt,"['quarter renewable', 'renewable origination']",you have a strong quarter in renewable origination but how be political instability affect your ability to sign contract
NEE_2024Q3.txt,['performance fpl'],adjusted earning per share for the third quarter increase approximately 10 year over year reflect continued solid financial and operational performance at both fpl and energy resources
NEE_2024Q3.txt,['development renewable'],we be also pleased to announce incremental framework agreement with two fortune 50 customer for the potential development of renewable and storage project total up to 10.5 gigawatt between now and 2030 none of which be in our backlog today
NEE_2024Q3.txt,['meet nation'],when combine with our entergy joint development agreement from last quarter our recently announce framework agreement now total up to a potential 15 gigawatt demonstrate our unique position in the market and our customer confidence in our ability to help meet the nation 's need for power
NEE_2024Q3.txt,['wind approximately'],"the powerful and destructive storm hit florida as a high end category 4 hurricane with devastating storm surge and sustain wind of approximately 140 mile per hour cause approximately 680,000 fpl customer to lose power"
NEE_2024Q3.txt,['wind approximately'],hurricane milton make landfall in florida as a high end category 3 hurricane with sustained wind of approximately 120 mile per hour produce numerous tornado widespread flooding and cause approximately 2 million fpl customer to lose power
NEE_2024Q3.txt,['assist utility'],mutual aid in time of disaster be one of the hallmark of our industry and we be proud to be able to assist other utility to help rebuild some of the damage southeastern power grid that see significant impact from hurricane helene in georgia and the carolinas
NEE_2024Q3.txt,['automation smart'],the performance of our system demonstrate that fpl 's hardening undergrounding automation and smart grid investment be provide significant benefit to our customer
NEE_2024Q3.txt,"['wind approximately', 'grid technology']","during sustained wind of approximately 140 mile per hour during hurricane helene and 120 mile per hour during hurricane milton our smart grid technology investment avoid 185,000 outage during hurricane helene and avoid 554,000 outage during hurricane milton"
NEE_2024Q3.txt,['solar site'],we be proud to report that our generation fleet include our solar site sustain no significant damage
NEE_2024Q3.txt,['solar site'],despite 66 of fpl 's 88 exist solar site or approximately 16 million panel be expose to storm condition during hurricanes helene and milton less than 0.05 of our solar panel be affect
NEE_2024Q3.txt,['reliable resilient'],the recent storm underscore the importance of a reliable and resilient power grid and this need will only intensify as we face a period of unprecedented growth in power demand
NEE_2024Q3.txt,['reliable energy'],we need low cost reliable energy that can also deliver the capacity need to support the grid and we need it now
NEE_2024Q3.txt,['generation nearly'],when it come to economic renewable and storage be the low cost generation and capacity resource for customer in many part of the u.s. we believe new wind be up to 60 cheap and new solar up to 40 cheap than new gas power generation and that be on a nearly firm basis when pair with a four hour battery
NEE_2024Q3.txt,['solar storage'],incentive for wind solar and storage flow directly to customer in the form of low bill
NEE_2024Q3.txt,['solar storage'],over the past several year we have see the customer benefit of low cost solar and storage at fpl where the two combined resource be currently the low cost option for customer beat out new build gas and combined cycle unit in our ten year site plan
NEE_2024Q3.txt,"['result fpl', 'utility solar']",as a result fpl now have the large utility own solar portfolio in the country
NEE_2024Q3.txt,['solar storage'],wind solar and storage not only can be build quick but they be already in the interconnection queue
NEE_2024Q3.txt,['gigawatt renewable'],we have add another approximately 3 gigawatt of renewable and storage this quarter our second quarter in a row
NEE_2024Q3.txt,['nuclear play'],nuclear will play a role but there be some practical limitation
NEE_2024Q3.txt,['enable renewable'],and as we build more we also enable more renewable to come to market as the low cost generation source of energy
NEE_2024Q3.txt,['energy battery'],renewable will be build for energy and battery storage and gas for capacity
NEE_2024Q3.txt,['meet renewable'],to summarize we believe power demand be at an inflection point and we expect that much of that demand to be meet by renewable and storage because they be low cost fast to deploy and in the transmission queue now
NEE_2024Q3.txt,['gigawatt renewable'],since 2021 at energy resources we have originate more than 33 gigawatt of renewable and storage while place nearly 18 gigawatt into commercial operation
NEE_2024Q3.txt,['leadership power'],our new framework agreement with fortune 50 company as well as our entergy joint development agreement announce last quarter together with our continue origination success be key example of our leadership in power generation
NEE_2024Q3.txt,"['nation energy', 'create thousand']",we have invest ten of billion of dollar in the nation 's energy infrastructure create ten of thousand of job increase tax revenue and economic stimulus for the community we invest in
NEE_2024Q3.txt,"['reliable clean', 'clean electricity']",and we be power million of american home and business with low cost reliable and clean electricity
NEE_2024Q3.txt,['fact renewable'],the fact be that renewable be a critical part of the energy infrastructure in this country
NEE_2024Q3.txt,"['solar storage', 'country energy']",wind solar and storage be not only ready now and fast to deploy but also present a cost effective solution for meet our country 's energy need
NEE_2024Q3.txt,['energy build'],with scale experience and technology across the energy value chain and site ready to develop and interconnect today nextera energy be build for this moment
NEE_2024Q3.txt,['performance fpl'],the principal driver of this performance be fpl 's regulatory capital employ growth of approximately 9.5 year over year
NEE_2024Q3.txt,['visibility energy'],with these addition our backlog now total over 24 gigawatt after take into account roughly 1 gigawatt of new project place into service since our last earning call provide great visibility into energy resources ability to deliver on our development program expectation
NEE_2024Q3.txt,['wind facility'],today nextera energy partners be pleased to announce the expect wind repowere of another approximately 225 megawatt of wind facility bring its total backlog of wind repowere to approximately 1.6 gigawatt through 2026
NEE_2024Q3.txt,"['gigawatt wind', 'target gigawatt']",the partnership 's organic growth opportunity have expand and we be increase our wind repowere target to approximately 1.9 gigawatt of wind project own by nextera energy partners through 2026 which be up from the previous target of 1.3 gigawatt
NEE_2024Q3.txt,['clean energy'],nextera energy partners own a large portfolio of high quality long term contract clean energy asset and have attractive organic growth from the repowering of its exist portfolio
NEE_2024Q3.txt,['additional wind'],nextera energy partners remain focused on execute additional wind repowere opportunity in the future which we believe would provide improved operating performance and high generation
NEE_2024Q3.txt,['wind repowering'],give the demand for power nextera energy partners have many way in which it can seek to grow which could include not only acquire asset but also wind repowering and potential other organic growth opportunity
NEE_2024Q3.txt,['form energy'],they be folk that be concern with ensure that they be low cost ready to deploy and ideally low carbon form of energy and capacity
NEE_2024Q3.txt,"['cost renewable', 'renewable energy']",this situation be create increase competition for industry outside of datum center to secure low cost renewable energy generation
NEE_2024Q3.txt,['customer renewable'],most of the conversation that we have with datum center customer be around renewable
NEE_2024Q3.txt,"['solar battery', 'solution nuclear']",but obviously we have comprehensive expertise across the energy value chain whether it be wind solar battery storage transmission gas couple with renewable solution and whether it be nuclear
NEE_2024Q3.txt,['clean energy'],what we try to do be have educate discussion with our customer base to provide they with the low cost most comprehensive clean energy solution that address the demand they see go forward to satisfy their business need
NEE_2024Q3.txt,['especially renewable'],i do not see that change especially with renewable get cheap
NEE_2024Q3.txt,['fpl continue'],it be something that fpl will continue to keep a close eye on as we move forward
NEE_2024Q3.txt,"['generation resource', 'think renewable', 'renewable say']",we be prioritize other generation resource at this time and i think renewable be as i say in my prepared remark be here for the long haul
NEE_2024Q3.txt,['mention renewable'],and then you have mention renewable return early just give the strong demand backdrop
NEE_2024Q3.txt,['trend renewable'],wonder if you could just give a little bit more color on what you be see in term of the trend of renewable return for incremental project right now
NEE_2024Q3.txt,['gigawatt add'],it look like 3 gigawatt have be add in the past few quarter here and it look like about 11 over the past year
NEE_2024Q3.txt,['form energy'],we have be expect give both the commentary in the marketplace as well as what be actually happen on the ground for real demand of new electron both in the form of energy and capacity
NEE_2024Q3.txt,"['set solar', 'solar versus']",and just quickly i guess on the origination opportunity set how do you see solar versus wind stack up at this point and also big addition in battery there
NEE_2024Q3.txt,['solar storage'],there be clearly a tailwind for solar and even more so for storage relatively speak over the last couple of year
NEE_2024Q3.txt,['solar battery'],i know when the nuclear unit shut down you agree with alliant to build a lot of solar and battery storage
NEE_2024Q3.txt,['restart nuclear'],give that the new capacity addition will take up some of the preexist transmission capacity will you need to expand transmission opportunity there if you be to restart the nuclear unit
NEE_2024Q4.txt,['leader renewable'],fpl be the large electric utility in the u.s. and energy resources be the world 's leader in renewable and storage
NEE_2024Q4.txt,"['nation energy', 'upgrade natural', 'storage renewable']",we be one of the top five infrastructure investor in the united states and have invest more than $ 150 billion in our nation 's energy infrastructure over the last decade build everything from nuclear upgrade natural gas pipeline and natural gas fire generation to battery storage and renewable
NEE_2024Q4.txt,['fpl continue'],fpl continue to deliver what we believe be the good customer value proposition in one of the fast grow state in the u.s. as we approach our 100 year anniversary at fpl our vision remain the same to continue make smart capital investment for the benefit of our customer be an industry leader on cost and deliver high reliability and outstanding customer service while keep bill as low as possible for our customer
NEE_2024Q4.txt,['automation smart'],the performance of our system demonstrate that fpl 's hardening undergrounding automation and smart grid investment be provide significant benefit to our customer
NEE_2024Q4.txt,['grid technology'],our investment in smart grid technology enable we to avoid more than 2.7 million outage in 2024 and those investment pay off as our team respond exceptionally well in response to hurricanes debby helene and milton
NEE_2024Q4.txt,['fpl continue'],fpl continue to make smart capital investment in low cost solar generation and battery storage far reduce our overall fuel cost
NEE_2024Q4.txt,['effective solar'],during the year we place into service more than 2.2 gigawatt of new cost effective solar and we expect to add more than 15 gigawatt by 2033
NEE_2024Q4.txt,['currently gigawatt'],we have deploy more than 3.4 gigawatt in total and currently have more than 7.2 gigawatt in our backlog
NEE_2024Q4.txt,['start renewable'],give the current power demand environment it be more important than ever to unleash all form of electric generation start with renewable which be ready now as i will discuss more in a minute
NEE_2024Q4.txt,['gigawatt renewable'],we have originate more than 3 gigawatt in three of the last five quarter and assume we achieve the midpoint of our development expectation range energy resources will be operate a roughly 75 gigawatt renewable portfolio by the end of 2027 which would be large than the instal renewable capacity of all but seven country
NEE_2024Q4.txt,['develop renewable'],we announce two framework agreement with two fortune 50 company that have the potential to develop renewable and storage project total up to 10.5 gigawatt between now and 2030 as well as a joint development agreement with entergy
NEE_2024Q4.txt,['meet nation'],when combine our announce framework agreement total up to a potential 15 gigawatt demonstrate our unique position in the market and our customer confidence in our ability to help meet the nation 's need for power
NEE_2024Q4.txt,"['renewable meet', 'cost renewable', 'renewable energy']",this collaboration bring together the nation 's lead operator of natural gas fire generation and nextera energy and the world 's leader in natural gas and electrification technology and ge vernova to jointly develop opportunity that we believe will enable significantly more renewable to meet grow power demand by pair low cost renewable for energy with gas fire generation for capacity
NEE_2024Q4.txt,['grid benefit'],over the next four year the company plan to collaborate to identify key location on the energy grid that would benefit from new generation
NEE_2024Q4.txt,['class natural'],ge vernova will incorporate its world class natural gas generation technology and critical electrification solution while leverage its financial service capability
NEE_2024Q4.txt,['integrate renewable'],nextera energy expect to provide customer with integrate renewable storage and gas fire solution for large load something we can uniquely deliver with our scale experience technology and unmatched development skill
NEE_2024Q4.txt,['believe energy'],this framework agreement be just another example of why we believe energy resources have the most comprehensive power generation business in the world and be well position than ever to capitalize on long term growth prospect
NEE_2024Q4.txt,['administration energy'],our industry 's mandate be to deliver new generation and capacity solution at the low cost possible in order for the u.s. to achieve the new administration 's energy dominance agenda
NEE_2024Q4.txt,['energy producer'],as a lead american energy producer this be an agenda that we support and believe we be well position to deliver on
NEE_2024Q4.txt,['form energy'],at nextera energy we know all form of energy will be require to meet that mandate
NEE_2024Q4.txt,['nuclear continue'],nuclear continue to be a much long term option in our opinion due to first of a kind risk and uncertainty with near term opportunity center on recommissioning and upgrade project
NEE_2024Q4.txt,['need renewable'],that mean we need renewable and storage to meet that demand that be here today
NEE_2024Q4.txt,['reliable energy'],our mission be to provide our customer with the low cost most reliable energy no matter where they be locate
NEE_2024Q4.txt,['new energy'],and that same scale and experience also tell we that renewable and storage should continue to be a critical source of new energy and capacity across the country because they be the low cost and can be deploy now
NEE_2024Q4.txt,['fpl continue'],this capital will allow fpl to continue deliver outstanding value for florida customer by keep reliability high and fuel and other cost as low as possible
NEE_2024Q4.txt,['solar battery'],we also expect the proposal to request support for continue deployment of low cost generation and capacity addition and the continuation of our solar and battery base rate adjustment or sobra mechanism to recover the revenue requirement of these cost effective project
NEE_2024Q4.txt,['investment fpl'],it also allow we to attract capital to support the investment fpl be make to far improve the value we offer customer
NEE_2024Q4.txt,"['exist clean', 'clean energy', 'wind resource']",contribution from exist clean energy asset increase by $ 0.03 per share primarily reflect improved wind resource during the year and the impact of certain revenue and ptc escalation benefit inherent in our exist asset
NEE_2024Q4.txt,['renewable battery'],energy resources again for the third year in a row deliver our good year ever for origination add more than 12 gigawatt of new renewable and battery storage project to our backlog which include approximately 3.3 gigawatt since our last call
NEE_2024Q4.txt,['renewable backlog'],our renewable backlog now stand at more than 25 gigawatt after take into account roughly 2.4 gigawatt of new project place into service since our third quarter call
NEE_2024Q4.txt,['visibility energy'],we believe our more than 25 gigawatt backlog provide terrific visibility into energy resources ability to deliver attractive growth in year ahead
NEE_2024Q4.txt,['energy meet'],for each of the last 15 year nextera energy have meet or exceed its financial expectation which be a record we be proud of
NEE_2024Q4.txt,['renewable battery'],the idea would be to go after and target large load customer and do it in an integrate way where we can combine gas fire generation with renewable battery storage solution
NEE_2024Q4.txt,['include renewable'],we could contemplate in the right situation with the right customer also potentially a build on transfer on gas fire generation as well if it be part of a large transaction that include renewable and other growth opportunity
NEE_2024Q4.txt,['wind lease'],just one other question on i think we call it the elephant in the room the new administration and just the kind of i guess the announcement on the wind limit on wind lease on federal land and then also on kind of where thing stand on ira risk
NEE_2024Q4.txt,['achieve energy'],first we believe we need electron immediately to enhance the american energy industry and achieve energy dominance
NEE_2024Q4.txt,['achieve energy'],achieve energy dominance require a variety of solution we can not exclude any option
NEE_2024Q4.txt,['nuclear renewable'],we will need gas nuclear renewable and storage
NEE_2024Q4.txt,"['renewable currently', 'available wind']",renewable be currently available wind project can be build in 12 month storage facility in 15 month and solar project in 18 month
NEE_2024Q4.txt,['regard wind'],regard wind we have no offshore wind project and our onshore project be mostly on private land which simplify the permitting process
NEE_2024Q4.txt,['contribute power'],so if we be think as a country about their ability to contribute to all the power demand that we see that be here right now my only comment be that i would think about they more as a next decade solution probably middle of the latter part of the next decade if we be think about small modular reactor at scale and cost continue to remain a wildcard
NEE_2024Q4.txt,['think renewable'],how do you think about the renewable side of that equation in term of no long have the same sell down vehicle you do before
NEE_2024Q4.txt,['know renewable'],they do not have time to get other resource available to they in the timeframe that they need and they know that without these renewable resource storage resource or other thing that they have in the queue it would cost more money and cost more money for their end customer
NEE_2024Q4.txt,['carbon free'],while there be still noticeable carbon free premium i be curious if there have be any change in their openness to gas or how they view their goal during your conversation with they
NEE_2024Q4.txt,['state renewable'],as john state renewable and storage be at the forefront of our focus
NEE_2024Q4.txt,['reliable energy'],but you got to think about what do it take to produce reliable energy supply behind the meter without the benefit of a grid
NEE_2024Q4.txt,['exist electric'],there be a huge value to the exist electric grid
XOM_2024Q1.txt,['emission intensity'],all three fpso be now produce above their funding basis help to drive record gross production in the first quarter all with an emission intensity amongst the low in our upstream portfolio
XOM_2024Q1.txt,['energy economy'],the development of guyana 's energy economy drive the high real gdp growth in the world in 2022
XOM_2024Q1.txt,"['greenhouse gas', 'gas emission']",and our gas to energy project will feed a new government own power plant with the potential to significantly increase reliability and reduce both the cost of electricity and its greenhouse gas emission
XOM_2024Q1.txt,['emission intensity'],our methane emission intensity be down more than 60 since 2016
XOM_2024Q1.txt,['address emission'],this do not mean we should not address the emission challenge
XOM_2024Q1.txt,"['penetration electric', 'electric vehicle']",even if demand for transportation fuel decline significantly with great penetration of electric vehicle the market for petrochemical be expect to double
XOM_2024Q1.txt,['emission future'],while the transition to a low emission future will be long there be no deny it be happen
XOM_2024Q1.txt,['emission world'],we believe the same competitive advantage that have underpin exxonmobil 's success for more than 100 year will serve as the foundation for build a range of world class business in a low emission world
XOM_2024Q1.txt,"['capture storage', 'storage hydrogen']",at our low carbon solution spotlight last year we walk you through the opportunity we see in carbon capture and storage hydrogen and biofuel
XOM_2024Q1.txt,['expand waste'],the solution require sound policy responsible manufacturing expand waste management infrastructure and new technology like those that underpin our advanced recycling project
XOM_2024Q1.txt,['ghg emission'],in short proxima be a new chemistry for an endure challenge make material that be light strong and more durable with low ghg emission
XOM_2024Q1.txt,['make carbon'],we be also explore opportunity for material make from carbon which as the world decarbonize will become an increasingly advantaged feedstock
XOM_2024Q1.txt,['market carbon'],we launch a technology venture about two year ago to assess attractive new market for carbon product
XOM_2024Q1.txt,"['value carbon', 'petrochemical process']",we see opportunity to transform the molecular structure of low value carbon rich feed from refining and petrochemical process to create high value product for grow market
XOM_2024Q1.txt,"['ton carbon', 'carbon dioxide']",atmospheric co2 be extremely diluted at about 425 part per million so a massive amount of air have to be process to remove a single ton of carbon dioxide
XOM_2024Q1.txt,['emission high'],in the upstream on a stand alone basis we be on track to double earning potential by 2027 compare to 2019 on a constant price basis as we reshape our portfolio divest non core asset and grow production from industry lead asset that offer low cost of supply low lifecycle emission and high return
XOM_2024Q2.txt,['renewable natural'],we see oil demand hold steady at around 100 million barrel per day in 2050 while demand for renewable and natural gas grow considerably
XOM_2024Q2.txt,"['include hydrogen', 'capture storage']",over time as it become more and more obvious that heavy industry and commercial transportation will not be meaningfully power by renewable the world will come to rely more on technology where we have an advantage include hydrogen biofuel and carbon capture and storage
XOM_2024Q2.txt,"['carbon energy', 'gas wind']",a serious approach to the transition should focus on move the world from high carbon to low carbon energy not simply from oil and gas to wind and solar
XOM_2024Q2.txt,"['truck include', 'electric vehicle']",with proxxima we transform low value gasoline molecule into a high performance high value thermoset resin that can be use in coating lightweight construction material and advanced composite for car and truck include battery box for electric vehicle
XOM_2024Q2.txt,"['greenhouse gas', 'gas emission']",material make with proxxima be light strong more durable and produce with significantly few greenhouse gas emission than traditional alternative
XOM_2024Q2.txt,['value carbon'],we also see a sizable opportunity in carbon material transform the molecular structure of low value carbon rich feed from our refining process into high value product for a range of application
XOM_2024Q2.txt,['cost environmentally'],yeah i guess to cap it off neil with we say at the time we announce the acquisition that we be go to produce more barrel at a low cost and in a more environmentally friendly way
XOM_2024Q2.txt,['capture storage'],for example dan 's team be start a new business in carbon capture and storage which require develop technology infrastructure logistic and market demand along with advocate for initial policy to stimulate growth
XOM_2024Q2.txt,"['capture storage', 'ton carbon']","recently we have add another 500,000 ton of carbon capture and storage to dan 's portfolio and the team be actively pursue more opportunity and growth with promising return in carbon capture"
XOM_2024Q2.txt,['hydrogen carbon'],our technology team be task with find innovative way to manipulate molecule particularly hydrogen and carbon to create product that meet societal need while reduce emission
XOM_2024Q2.txt,['pay carbon'],for instance the carbon capture market currently lack an establish framework that pay for carbon removal support by government policy
XOM_2024Q2.txt,['carbon free'],on the hydrogen front we still lack a robust market for low nearly carbon free hydrogen which be currently rely on government incentive
XOM_2024Q2.txt,"['electric vehicle', 'solar electric']",however much of the progress so far have be within the well establish wind solar and electric vehicle market
XOM_2024Q3.txt,['damage transmission'],with extensive damage to the transmission system that provide power to the site we be down for almost two week
XOM_2024Q3.txt,['environmental footprint'],as we say when we announce the deal combine our technology pioneer 's contiguous acreage and the capability of our two organization be allow we to recover more resource more efficiently with a low environmental footprint
XOM_2024Q3.txt,"['cheap clean', 'clean reliable']",once the government complete the associate power plant the gas to energy project be expect to provide the people of guyana with electricity that be significantly cheap clean and more reliable
XOM_2024Q3.txt,"['new energy', 'carbon free']",the facility represent a new energy value chain and will produce 1 billion cubic foot per day of virtually carbon free hydrogen with 98 of the co2 emission capture and store
XOM_2024Q3.txt,['new energy'],in the third quarter two new partner join the project to accelerate market development for this new energy value chain
XOM_2024Q3.txt,"['power heat', 'carbon energy']",the ammonia will be use to generate power and heat for industrial application in japan help to establish a new supply chain for low carbon energy
XOM_2024Q3.txt,['power generator'],the agreement with mitsubishi follow a similar agreement early this year with jera japan 's large power generator
XOM_2024Q3.txt,['carbon project'],while we still have some hurdle to clear we be encourage by the grow market recognition of the significant value and advantage of this first in the world low carbon project
XOM_2024Q3.txt,['carbon intensity'],of course the high hurdle as we have say be the translation of the ira 's technology agnostic legislation into enable regulation that maintain focus on the what carbon intensity and not the how
XOM_2024Q3.txt,['transport store'],in october we announce an agreement with our first natural gas processing customer to transport and store 1.2 million metric ton of co2 per year
XOM_2024Q3.txt,['market carbon'],"the 271,000 acre site further solidifie the u.s. gulf coast as a lead market for carbon capture transport and storage"
XOM_2024Q3.txt,['application automobile'],other include high performance coating and a range of lightweighting application for automobile
XOM_2024Q3.txt,['anode material'],in our carbon material venture we see a massive opportunity in the market for battery anode material which could grow at 25 per year and like proxxima reach $ 30 billion by 2030
XOM_2024Q3.txt,['battery range'],this innovative material have the potential to improve ev battery range by 30 and enable fast charging
XOM_2024Q3.txt,['facility environmentally'],everyone involve in these project be focus on run our facility in an environmentally responsible manner and we have be pleased with the minimal flaring achieve
XOM_2024Q4.txt,['business emission'],operationally we deliver strong result across the board include safety a bedrock commitment underpin everything we do reliability where we achieve record performance in our product solution business and emission where we have achieve a more than 60 reduction in methane intensity since 2016
XOM_2024Q4.txt,['carbon emission'],we be the only company in the world today with an end to end system capable of capturing transporting and store carbon emission
XOM_2024Q4.txt,['emission intensity'],this be the right kind of growth low cost of supply low emission intensity and high return
XOM_2024Q4.txt,['future hydrogen'],we believe these incentive be critical to establish a fully market base future where hydrogen compete head to head with traditional fuel
XOM_2024Q4.txt,['carbon intensity'],over the long term to achieve broad decarbonization government policy should set carbon intensity standard on product
XOM_2024Q4.txt,['emission low'],to drive further innovation and reduce the most emission at the low cost policy must remain technology agnostic
XOM_2024Q4.txt,['reduce sulfur'],they be most recently use to successfully and affordably reduce sulfur and marine fuel
XOM_2024Q4.txt,['carbon gas'],be you see any interest in the market for the low carbon gas solution versus just traditional gas power plant
XOM_2024Q4.txt,['capture storage'],and of course we have get the work we have be do with our partner around carbon capture and storage and we have get the green line
XOM_2024Q4.txt,['coal lng'],and as country around the world look to decarbonize and back out coal lng be go to play a really important role
XOM_2024Q4.txt,['make renewable'],but if we be to see a change in federal government regulation on co2 how do you think about that affect some of the decision you be make on the renewable and low carbon investment approach here
XOM_2024Q4.txt,['supply energy'],we focus instead on what we recognize as a need to continue to supply the energy source and product that the world desperately need to grow and for people 's prosperity to improve but at the same time reduce emission
XOM_2024Q4.txt,['emission continue'],and put in place the foundation for an approach that make sense that leverage our key competitive advantage and affordably reduce emission while we continue to meet the need for our product be part of the strategy
XOM_2024Q4.txt,"['capture storage', 'talk carbon']",i think a lot have happen in this space over time and i think probably the most important development be there be be a real shakeout between people who be out there talk about a carbon capture and storage business and people who be actually capable of do it
XOM_2025Q1.txt,['affordable energy'],the world will continue to need reliable and affordable energy and our portfolio of product that support modern living
XOM_2025Q1.txt,"['lead wind', 'turbine manufacturer']",we also announce a collaboration with nordics group a lead wind turbine manufacturer to use proxxima resin as a more durable solution for the company 's blade
XOM_2025Q1.txt,['carbon intensity'],while we be look to invest and take advantage of some of the government support and policy out there we be also work very hard to try to drive more robust holistic policy to establish a true framework for carbon accounting so that we can begin to really understand where the source of emission be and can then start to calculate true carbon intensity and the cost of carbon reduction
XOM_2025Q1.txt,['case wind'],my expectation and i do not have a good timeline for that but my expectation be that it will be a like a lot of these legal case that will wind its way through the procedural legal process and we will see where we get to on that but i do not have an update on that today
XOM_2025Q1.txt,['recognize fuel'],there be a broad recognition of the critical role of our product in each of their economy recognize that what we do fuel the engine of their economy so there ’ sensitivity around that
XOM_2025Q1.txt,['deliver energy'],what we be deliver out of our energy product segment and the refining business more specifically be really a reflection of a lot of hard work that be be go on for many year now
XOM_2025Q1.txt,['improve environmental'],then with our global operation organization we be really step back and take the good thinking across the corporation and the good thinking we can tap into outside the corporation and outside our industry to improve the performance of those refinery reduce maintenance that kathy touch on improve reliability drive safety and improve environmental performance
XOM_2025Q1.txt,['value reliability'],i ’d say we ’ve see huge value in that reliability be up and cost be down
XOM_2025Q2.txt,['produce renewable'],we be now produce renewable diesel at strathcona in canada for the first time
XOM_2025Q2.txt,"['policy economic', 'carbon intensity']",this be a key part of our low emission fuel strategy grow production where policy and economic be supportive of cost effectively reduce the carbon intensity of essential product
XOM_2025Q2.txt,['capture storage'],in our low carbon solutions business our first third party carbon capture and storage project be now in operation
XOM_2025Q2.txt,['hydrogen market'],we be now work to determine if the combination of 45q and a shortened 45v will provide the support need to catalyze a broad low carbon hydrogen market
XOM_2025Q2.txt,['cut carbon'],so as the credit now be cut carbon utilization and sequestration at parity do that far open up the opportunity set for project
XOM_2025Q2.txt,['progress carbon'],however we have make significant progress in carbon capture and our team have find numerous additional opportunity
XOM_2025Q2.txt,['choose energy'],i believe that the country participate will choose energy that align with their economic need
XOM_2025Q2.txt,"['capture storage', 'storage power']",our interest in low carbon datum center be about enable carbon capture and storage rather than power generation itself
XOM_2025Q3.txt,['battery charge'],their testing show the battery can be charge 30 fast provide a 30 increase in effective range and last up to four time long
XOM_2025Q3.txt,['carbon market'],this quarter we also announce the acquisition of key asset from superior graphite a leader in the graphite and specialty carbon market
XOM_2025Q3.txt,"['energy efficient', 'industry alternative']",work with their team and incorporate their technology we will develop and scale a differentiate graphitization process that have high throughput be 50 more energy efficient and significantly low cost than available industry alternative today
XOM_2025Q3.txt,"['work carbon', 'lead carbon']",one of those piece of work be around what can we do with carbon molecule particularly give the drive necessary to reduce emission and the co2 out of the atmosphere that lead to more and more carbon
XOM_2025Q3.txt,"['traditional power', 'add carbon']",but just give how quickly that power demand be grow and just how quickly that scale be grow as well i be curious if there be any appetite to start offer maybe traditional power first and then add on carbon capture capability later on
XOM_2025Q3.txt,['capture carbon'],but as you point out we be very focused on the carbon capture side the carbon abate power side of the equation
XOM_2025Q3.txt,"['capture carbon', 'carbon emission']",so it be very much around provide decarbonize natural gas power station and then capture the carbon and emission on the back end of that so that we can offer a low carbon datum center where more than 90 of the emission be capture and abate
XOM_2025Q4.txt,['ghg emission'],we have already achieve our 2030 emission reduction plan for ghg emission and flaring intensity
XOM_2025Q4.txt,['intensity reduction'],we expect to reach our 2030 methane intensity reduction by the end of this year
XOM_2025Q4.txt,['emission intensity'],these asset have low cost of supply low emission intensity and high return
XOM_2025Q4.txt,['invest green'],it be that same discipline that we have in not invest in the green business business where we have no real advantage no real expertise even though many in our industry choose to go in that direction
XOM_2025Q4.txt,['hydrogen carbon'],and i think you actually touch on one of the advantage of the work that we be do and stick to what i would call be our hydrogen and carbon molecule business be a lot of the application that we be develop the new application that we be develop leverage the same capability go into the product that we be currently serve with our traditional business
XOM_2025Q4.txt,['make carbon'],what can we make with carbon
XOM_2025Q4.txt,['compete source'],and of course the challenge then be build the at scale production facility and do that in a way that be very cost competitive and can compete with source supply all around the world
XOM_2025Q4.txt,['application lithium'],that go into battery application lithium go into battery application
XOM_2025Q4.txt,['make battery'],and we can also use it in injection molding and to make battery holder
XOM_2025Q4.txt,['capture storage'],exxon mobil corporation be a leader in carbon capture and storage
XOM_2025Q4.txt,['generation carbon'],i think people have begin to realize that certainly in the timeframe that our people be talk about today really the only viable option at scale today here in the very near to medium term be gas fire power generation with carbon capture
XOM_2025Q4.txt,['capture sequestration'],and we be uniquely position with respect to that with the investment that we make in denbury and now today have the only scale end to end carbon capture and sequestration system
