ticker,industry,year,cc_expo,op_expo,rg_expo,ph_expo
BA,Aerospace,2022,0.00046187660346657495,0.0,0.0,0.0
BA,Aerospace,2023,0.00036476394835525,0.0,9.549274255155e-05,0.0
BA,Aerospace,2024,0.00036274765796669997,0.000100563153660475,0.0,0.0
CAT,Machinery,2022,0.002892899968895875,0.001400821073643425,0.00024222509478197499,0.0
CAT,Machinery,2023,0.002426384996610625,0.000449749257196175,0.000125991177127525,6.2972292191425e-05
CAT,Machinery,2024,0.004864479960738825,0.0022430767459857,6.1743640405025e-05,0.0
CVX,Energy,2008,0.00058271899170125,0.0,8.62068965517e-05,0.0
CVX,Energy,2009,0.0003233285165831,0.0,0.0,0.0
CVX,Energy,2010,0.001508690296702125,0.0002472397209239,0.0001689189189189,0.0
CVX,Energy,2011,0.0013479917836249499,0.0001589520202683,0.000154130702836,0.0
CVX,Energy,2012,0.0012707027844332,0.0,0.0,0.0
CVX,Energy,2013,0.00112783130116575,0.0,0.0,0.0
CVX,Energy,2014,0.000539954285855275,9.9009900990075e-05,0.0,0.0
CVX,Energy,2015,0.000739004078904525,0.0,6.80642526545e-05,0.0
CVX,Energy,2016,0.000277239508702625,0.0,0.0,0.0
CVX,Energy,2017,0.0007862152998774,0.00035165953308050003,0.0,0.0
CVX,Energy,2018,0.0015354184487524,0.000314474626883825,0.00022865245043345,0.0
CVX,Energy,2019,0.00519581586246585,0.00199670800174145,0.000750419501476175,0.0
CVX,Energy,2020,0.008096399018694425,0.002090475429240325,0.001364057342229575,0.0
CVX,Energy,2021,0.008302817323586275,0.001407439834461975,0.001184043869538825,0.0
CVX,Energy,2022,0.00543998223308015,0.002209054167529175,7.2233458537975e-05,0.0
CVX,Energy,2023,0.0032395083823181254,0.0012556636065042,8.62663906142e-05,0.0
CVX,Energy,2024,0.003530872874730925,0.00164344019068015,0.00036720589898905,0.0
DUK,Utilities,2008,0.01256976995003115,0.003804649052030175,0.0013045237906436,8.2481029363225e-05
DUK,Utilities,2009,0.0109836685065837,0.0032336886826737497,0.0012281491174767,7.487271638215e-05
DUK,Utilities,2010,0.008657331860368826,0.001855441757220525,0.000849093948269225,0.0
DUK,Utilities,2011,0.009258858743044374,0.0025276217651772253,0.0013041963820769,0.0
DUK,Utilities,2012,0.005144674337551275,0.001245706725559975,0.000251633763992625,0.0
DUK,Utilities,2013,0.005787376743500875,0.000772578832537675,0.00026694499332050004,6.303580433685e-05
DUK,Utilities,2014,0.00923088491900455,0.0027228304301368748,0.0011338830912273501,6.537656903765e-05
DUK,Utilities,2015,0.009119297927051049,0.00170467691458795,0.000630036454364375,0.0
DUK,Utilities,2016,0.0157746184685475,0.00815025339558565,0.0009913488407614249,0.0
DUK,Utilities,2017,0.015039873040181801,0.00674764923600865,0.0008928184543999,8.0801551389775e-05
DUK,Utilities,2018,0.0090357976297694,0.0036134790042779003,0.000271739130434775,0.0
DUK,Utilities,2019,0.0168014471875893,0.00785927812715505,0.001228417080236,0.0
DUK,Utilities,2020,0.0167295094114767,0.010567415871331825,0.0008821614784302,0.0
DUK,Utilities,2021,0.02878330596400375,0.017014605871409974,0.00112810152111285,0.0
DUK,Utilities,2022,0.013993349374434149,0.0091818932346614,0.0002927988926878,0.0
DUK,Utilities,2023,0.009937548722896074,0.0047415574695418745,0.0,0.0
DUK,Utilities,2024,0.0094264882160196,0.0045465316657343005,0.000330177029030775,9.2421441774475e-05
F,Autos,2022,0.004959779358894925,0.00263497704448805,7.566585956415e-05,8.3836351441975e-05
F,Autos,2023,0.0057234516426668495,0.00341723878390205,8.454514710855e-05,0.0
F,Autos,2024,0.006337859105965075,0.003564821851203575,0.000360230547550425,0.0
GM,Autos,2022,0.00507160072348965,0.002507377906982725,0.0,0.00019437800973355
GM,Autos,2023,0.005907532173979725,0.002976719774152575,6.5513626834375e-05,0.000188092690330325
GM,Autos,2024,0.006204720869336875,0.003224064516201825,0.0,0.00013408420488065
JPM,Finance,2022,0.00024039037134285002,8.0775444264925e-05,0.0,0.0
JPM,Finance,2023,0.000512047595817975,0.000220394736842075,0.0,0.0
JPM,Finance,2024,6.613756613755e-05,0.0,0.0,0.0
KO,Consumer,2022,0.000882125868319575,7.3335288941025e-05,0.000146670577882075,0.0
KO,Consumer,2023,0.0005926722455511,0.000152718387293825,0.0,0.0
KO,Consumer,2024,0.000495056637228525,0.0,0.0,0.0
MSFT,Technology,2022,0.0006688614857427999,0.0003607914709793,6.226650062265e-05,0.0
MSFT,Technology,2023,0.000664458903458925,0.000121481421148175,0.0001182151411059,0.0
MSFT,Technology,2024,0.000187147847448025,6.3403499873175e-05,0.0,0.0
NEE,Utilities,2011,0.02094650978808285,0.008730728808617576,0.0014276919417643501,0.0
NEE,Utilities,2012,0.010998283792145624,0.003163515964802625,0.00057698051277675,0.0
NEE,Utilities,2013,0.010142448659572301,0.0032007937563464,0.00043349744619275,6.99888017917e-05
NEE,Utilities,2014,0.01083423491558435,0.004336619090664949,0.0003787039319239,0.0
NEE,Utilities,2015,0.014104201251756852,0.00642231271011085,0.0005140079322532251,0.0
NEE,Utilities,2016,0.01584016774973945,0.00762816195944745,0.00096860952246455,0.0
NEE,Utilities,2017,0.0172363710253156,0.010176054748841,0.000433273382932225,0.0
NEE,Utilities,2018,0.0206779022384422,0.0124618450532345,0.000414884535486975,0.0
NEE,Utilities,2019,0.012881969750599749,0.0075733056134893,0.000585108323768775,0.0
NEE,Utilities,2020,0.02081687426433795,0.013551747633085452,0.000602511808624075,0.0
NEE,Utilities,2021,0.022310904461276374,0.014211646460574625,0.000608798392874875,0.0
NEE,Utilities,2022,0.023740751937586152,0.01402929458882525,0.001491548044910825,0.0
NEE,Utilities,2023,0.017359492945286825,0.010842655830024524,0.000134807225667275,0.0
NEE,Utilities,2024,0.018943256051707175,0.010947083974400425,0.00051074524660065,0.0
PFE,Pharma,2022,0.000200791053915925,0.0,0.0,0.0
PFE,Pharma,2023,0.0003079086252238,0.0,0.0,0.0
PFE,Pharma,2024,0.0,0.0,0.0,0.0
UNH,Healthcare,2022,0.000305529762644,7.48055056852e-05,0.0,0.0
UNH,Healthcare,2023,7.5597218022375e-05,7.5597218022375e-05,0.0,0.0
UNH,Healthcare,2024,0.00013962580284835,0.0,6.9812901424175e-05,0.0
WMT,Retail,2022,0.001438421615394,0.000645068404442225,0.000134156157767625,0.0
WMT,Retail,2023,0.0,0.0,0.0,0.0
WMT,Retail,2024,0.00037534016288655,7.6335877862575e-05,0.000231727643473925,0.0
XOM,Energy,2006,0.00254730028218405,0.00018628912071535,0.00040719696969695,0.0
XOM,Energy,2007,0.001296944379123825,0.00043231479304125,0.0,0.0
XOM,Energy,2008,0.0020057908747326,0.00018500510030600002,0.0004694933524973,0.0
XOM,Energy,2009,0.00188085441252195,0.00022631061523822497,0.00048331063547105,0.0
XOM,Energy,2011,0.000733641438779025,0.0,7.856693903205e-05,0.000157237522353025
XOM,Energy,2012,0.000913938080390125,0.0,0.0,0.0
XOM,Energy,2013,0.0018302105252687752,0.000271220637599925,0.0,0.0
XOM,Energy,2014,0.000872218248641825,7.210845111045e-05,7.210845111045e-05,0.0
XOM,Energy,2015,0.00086766300727675,0.0,0.000136911281489575,0.0
XOM,Energy,2016,0.001164754084757225,0.00018760431201785,0.000132731616671075,0.0
XOM,Energy,2017,0.00061084904077,8.6896072297525e-05,0.0,5.02916918125e-05
XOM,Energy,2018,0.00057530787165755,0.000127340552720475,6.59456607755e-05,0.0
XOM,Energy,2019,0.0013527389606547,0.000201126307320975,0.00015064778547755,0.0
XOM,Energy,2020,0.004171167791206875,0.000219339845776425,0.001363427386756625,0.0
XOM,Energy,2021,0.005518565334506975,0.0009810343607834751,0.001240359374818375,0.0
XOM,Energy,2022,0.0056230694735104995,0.001275256747968025,0.001466761009378075,0.0
XOM,Energy,2023,0.004234391485036025,0.0013567907656128,0.000965597432375475,0.0
XOM,Energy,2024,0.005592340627447125,0.0014635346393410751,0.0010139928816999,0.0
XOM,Energy,2025,0.0032927804026878,0.00038244313668765,0.000619202729705475,0.0
