bigram,count
clean energy,597
electric vehicle,306
renewable energy,292
wind resource,208
greenhouse gas,141
carbon emission,114
gas emission,100
autonomous vehicle,96
new energy,92
carbon free,81
solar storage,78
carbon dioxide,77
affordable energy,76
renewable natural,72
solar energy,71
climate change,69
clean power,69
battery electric,68
carbon intensity,67
fpl continue,67
integrate resource,65
affordable reliable,64
solar battery,61
scale solar,54
generation resource,54
capture storage,52
battery cell,50
solar capacity,49
cost renewable,45
reliable energy,44
extreme weather,42
clean air,42
wind energy,39
nep portfolio,38
megawatt battery,35
wind facility,35
air quality,34
cycle gas,34
plant ratcliffe,34
emission intensity,33
solar program,33
greensville county,33
result fpl,33
sustainable energy,31
exist wind,31
fluorine product,31
effective solar,31
sustainability goal,30
energy sustainability,30
efficient airplane,29
believe energy,29
paris agreement,29
cycle natural,29
energy efficient,29
air water,29
solar expansion,29
future energy,28
form energy,28
provide energy,28
citrus county,28
solar itc,28
renewable battery,28
city hybrid,28
approve georgia,28
emission profile,27
star transmission,27
lower carbon,26
dioxide emission,26
megawatt additional,26
generate clean,25
free energy,25
energy vehicle,25
carbon neutral,24
deliver affordable,24
family vehicle,24
differential membership,24
renewable backlog,24
climate relate,23
new battery,23
renewable origination,23
department environmental,22
western carolinas,22
number vehicle,22
deliver clean,21
carbon energy,21
transition clean,21
solar resource,21
include renewable,21
investment fpl,21
produce electricity,20
deliver energy,20
achieve carbon,20
emission free,20
good renewable,20
epa regulation,19
think renewable,19
position duke,19
exist coal,19
additional renewable,19
grid improvement,19
solar site,19
power include,19
plan dominion,19
vehicle development,19
vehicle design,19
coal nuclear,18
address climate,18
clean affordable,18
capture sequestration,18
hydrogen carbon,18
clean reliable,18
gigawatt renewable,18
plus storage,18
performance fpl,18
solar continue,17
support renewable,17
environmental quality,17
ton carbon,17
vehicle china,17
solar plus,17
reduction emission,16
wind power,16
term renewable,16
energy independence,16
market renewable,16
energy legislation,16
community solar,16
pump storage,16
energy goal,16
energy fpl,16
particularly solar,15
charge infrastructure,15
environmental footprint,15
coal gasification,15
additional wind,15
mw wind,15
favorable wind,15
generation electric,15
plan irp,15
vehicle make,15
engine vehicle,15
century coal,15
carbon price,14
reliable low,14
new carbon,14
potential carbon,14
nearly gigawatt,14
customer clean,14
grid technology,14
nation energy,14
renewable tax,14
environment renewable,14
efficient vehicle,14
vehicle europe,14
fully electric,14
exist clean,14
expect solar,13
advance sustainability,13
emission target,13
supply energy,13
reliable clean,13
question renewable,13
energy expand,13
issue rfp,13
modernize grid,13
river nuclear,13
recovery rider,13
transport rule,13
mw solar,13
addition renewable,13
grid generate,13
investment clean,13
believe renewable,13
fossil asset,13
portfolio vehicle,13
electrification strategy,13
energy innovation,13
solar thermal,13
solar pv,13
customer electric,12
pass house,12
ghg emission,12
storage hydrogen,12
reduction carbon,12
expand renewable,12
protect environment,12
include nuclear,12
state energy,12
energy regulatory,12
development renewable,12
plan solar,12
add renewable,12
modernize energy,12
strengthen grid,12
advance clean,12
lead electric,12
build solar,12
solar supply,12
car utility,12
ice product,12
emission rate,12
robo president,12
wind repowering,12
manager primary,12
coal capacity,11
fast charge,11
effective energy,11
develop renewable,11
produce renewable,11
carbon offset,11
carolina department,11
state renewable,11
power agreement,11
epa propose,11
cross state,11
help state,11
engage state,11
demand wind,11
significant renewable,11
lot renewable,11
megawatt storage,11
utility solar,11
approval georgia,11
vehicle small,11
driver assistance,11
sale aero,11
renewable demand,11
contribution southern,11
reduce air,10
meet sustainability,10
look solar,10
solar solar,10
heat power,10
support energy,10
air pollution,10
leader renewable,10
carbon resource,10
environmental sustainability,10
reliable cost,10
approval florida,10
include electric,10
generation florida,10
build transmission,10
reliability resilience,10
itc ptc,10
invest clean,10
enable renewable,10
replacement generation,10
energy leader,10
vehicle strategy,10
vehicle electric,10
large renewable,10
storage wind,10
garden power,10
obama administration,10
utility truck,10
vehicle especially,10
solar addition,10
improvement wind,10
resource assessment,10
environmental transmission,10
receive air,9
resource availability,9
demand clean,9
come solar,9
term solar,9
transportation resource,9
clean water,9
energy landscape,9
gas intensity,9
important energy,9
non free,9
renewable electricity,9
environmental benefit,9
energy standard,9
regard renewable,9
federal policy,9
develop carbon,9
epa clean,9
modernize generation,9
climate legislation,9
invest energy,9
capacity energy,9
portfolio renewable,9
renewable technology,9
low solar,9
electric transportation,9
project solar,9
climate strategy,9
support clean,9
wind storage,9
power florida,9
energy meet,9
compliance capital,9
facility brunswick,9
deal carbon,9
gigawatt wind,9
improve air,9
charge network,9
energy shareholder,9
hybrid plug,9
vehicle plan,9
make battery,9
capture carbon,9
armando olivera,9
wind addition,9
combine solar,9
wind ptc,9
exist renewable,9
efficient oil,9
power owner,9
world population,8
vehicle work,8
energy create,8
solar good,8
energy support,8
talk solar,8
area energy,8
industry energy,8
include hydrogen,8
energy carbon,8
initiative energy,8
electrification autonomous,8
emission improve,8
generation solar,8
president elect,8
climate risk,8
efficient program,8
energy recently,8
solar farm,8
charge station,8
traditional energy,8
fuel use,8
build wind,8
wind investment,8
megawatt upgrade,8
efficient natural,8
gas repowering,8
opportunity wind,8
wind ppa,8
eastern municipal,8
emission exist,8
normal wind,8
expansion renewable,8
create thousand,8
storage pilot,8
add battery,8
invest renewable,8
vehicle infrastructure,8
energy requirement,8
work carbon,8
onshore wind,8
energy reliability,8
renewable sale,8
megawatt clean,8
city bear,8
virginia natural,8
storage renewable,8
improve environmental,8
produce energy,8
affordable electric,8
safety smart,8
electric version,8
pure electric,8
vehicle company,8
large battery,8
pure ev,8
power battery,8
vehicle right,8
energy brand,8
backlog renewable,8
average wind,8
quality renewable,8
emission carbon,8
separator film,8
efficient unit,7
enhance sustainability,7
emission increase,7
solar gas,7
power construction,7
say energy,7
distribute power,7
annual sustainability,7
build clean,7
intensity reduction,7
carbon tax,7
expand energy,7
broad energy,7
relate carbon,7
policy goal,7
come renewable,7
energy close,7
energy secretary,7
investment emission,7
fuel create,7
future carbon,7
enhance diversity,7
combine wind,7
issue epa,7
energy state,7
address emission,7
combustion residual,7
megawatt include,7
assist utility,7
energy team,7
solar renewable,7
affordable electricity,7
efficiency rider,7
efficient solution,7
scale renewable,7
grid solar,7
bipartisan legislation,7
build electric,7
ev infrastructure,7
energy vision,7
transition electric,7
emission electric,7
generation clean,7
utility ownership,7
strong renewable,7
nuclear play,7
megawatt place,7
file irp,7
gigawatt gas,7
thousand megawatt,7
virginia energy,7
power generator,7
know renewable,7
carbon electricity,7
emission power,7
security energy,7
reliable resilient,7
vehicle world,7
vehicle offer,7
electric transit,7
ev vehicle,7
emission future,7
drive affordable,7
vehicle ev,7
large air,7
drink energy,7
water stewardship,7
energy help,7
visibility energy,7
overall wind,7
program energy,7
hour storage,7
significant solar,7
class renewable,7
alabama public,7
subsidiary southern,7
worldwide natural,7
power successfully,6
make clean,6
generation largely,6
focus safely,6
emission compare,6
progress clean,6
engine electric,6
food energy,6
energy overall,6
solar little,6
solar versus,6
course solar,6
grow electric,6
variety fuel,6
combine heat,6
environmental goal,6
meet carbon,6
manage energy,6
energy challenge,6
solar installation,6
focus renewable,6
carbon market,6
reduce sulfur,6
continue renewable,6
investment carbon,6
scale wind,6
talk renewable,6
energy economy,6
acquisition renewable,6
acquire renewable,6
transition renewable,6
power initiative,6
fleet set,6
clean sustainable,6
eco friendly,6
environmental challenge,6
power propose,6
support wind,6
wind plant,6
settlement commission,6
energy clean,6
rooftop solar,6
regard electric,6
coal technology,6
particularly wind,6
energy nuclear,6
energy merger,6
propose program,6
renewable wind,6
retire plant,6
grow solar,6
meet renewable,6
wind approximately,6
overall renewable,6
benefit renewable,6
potential wind,6
sponsor energy,6
approve rider,6
position renewable,6
support load,6
utility renewable,6
use solar,6
commitment clean,6
future electric,6
vehicle charge,6
solar deal,6
electric school,6
mention renewable,6
grid support,6
continue solar,6
lead clean,6
climate goal,6
talk carbon,6
regional transmission,6
energy exist,6
carbon renewable,6
expansion solar,6
base solar,6
nuclear portfolio,6
renewable tariff,6
vehicle manufacture,6
lead renewable,6
affordable clean,6
reliable grid,6
levelized cost,6
new powertrain,6
vehicle great,6
vehicle large,6
transit vehicle,6
capability vehicle,6
vehicle future,6
vehicle today,6
combustion vehicle,6
vehicle battery,6
robo taxi,6
wind wind,6
diesel platform,6
solution energy,6
efficiency clean,6
energy thermal,6
carbon economy,6
indoor air,6
green fuel,6
photovoltaic solar,6
meet nation,6
particularly renewable,6
power world,6
convertible investment,6
incentive renewable,6
regard wind,6
total wind,6
air emission,6
megawatt canadian,6
municipal electric,6
quarter renewable,6
renewable remain,6
value renewable,6
ethylene natural,6
apply innovative,6
market carbon,6
utility southern,6
recovery ensure,5
play meet,5
launch electric,5
propulsion technology,5
power marine,5
emission come,5
technology electric,5
battery power,5
vehicle application,5
recent stimulus,5
tailpipe emission,5
traditional power,5
country energy,5
energy opportunity,5
like climate,5
gas reduction,5
need clean,5
use emission,5
congressional delegation,5
introduce gas,5
geothermal asset,5
sustainable reliable,5
energy economic,5
integrate renewable,5
carbon efficient,5
credit renewable,5
net carbon,5
make renewable,5
policy incentive,5
support reliable,5
equivalent cap,5
investment wind,5
energy producer,5
major generation,5
fleet peak,5
electricity need,5
energy initiative,5
energy climate,5
sox nox,5
achieve energy,5
policy requirement,5
efficient clean,5
energy supplier,5
sulfur dioxide,5
rps requirement,5
energy auction,5
event fukushima,5
power association,5
addition wind,5
renewable solar,5
energy build,5
fleet electric,5
approval nuclear,5
factor nuclear,5
state environmental,5
spend coal,5
step advance,5
distribute solar,5
austin energy,5
change emission,5
grid benefit,5
utility sponsor,5
energy enter,5
plant renewable,5
access clean,5
commitment environmental,5
invest solar,5
provide carbon,5
energy talk,5
approve solar,5
brunswick power,5
resiliency security,5
new megawatt,5
energy sustainable,5
technology carbon,5
load center,5
storage electric,5
energy incentive,5
sale renewable,5
volume electric,5
utility potential,5
competitive solicitation,5
power near,5
significant environmental,5
improvement solar,5
installation state,5
energy smart,5
scale offshore,5
traditional electric,5
construction wind,5
experience vehicle,5
solar onshore,5
wind slide,5
energy profile,5
need renewable,5
agreement ppa,5
advance electric,5
turbine model,5
self generation,5
vehicle start,5
vehicle type,5
activity vehicle,5
vehicle know,5
partially unfavorable,5
vehicle talk,5
vehicle lot,5
vehicle test,5
economy emission,5
electric solution,5
vehicle component,5
demand ev,5
vehicle important,5
improve wind,5
vehicle gain,5
cell pack,5
progress autonomous,5
source battery,5
china air,5
activity renewable,5
create green,5
deploy solar,5
strength renewable,5
affordable supply,5
drink sport,5
quality water,5
develop wind,5
generation potentially,5
olivera president,5
change wind,5
clause mechanism,5
megawatt highly,5
technology wind,5
energy provider,5
renewable strong,5
reliability help,5
renewable developer,5
rotor diameter,5
power park,5
range wind,5
integrate solar,5
achieve renewable,5
leader energy,5
commercially operational,5
emission reduce,5
carbon project,5
power secure,5
dispatch gas,5
national carbon,5
wind deal,5
electric subsidiary,5
non natural,5
froth treatment,5
final ruling,4
phase wind,4
aircraft design,4
energy star,4
service solar,4
power mean,4
emission year,4
performance electric,4
electricity generate,4
emission drive,4
hybrid technology,4
infrastructure electric,4
new climate,4
force climate,4
sustainability objective,4
emission large,4
conventional diesel,4
grid power,4
market solar,4
micro grid,4
energy case,4
fuel renewable,4
energy particularly,4
exist carbon,4
address environmental,4
supply ensure,4
economic environmental,4
relate renewable,4
gas initiative,4
thing energy,4
low emit,4
foreign oil,4
say wind,4
facilitate development,4
transport store,4
production clean,4
progress resource,4
resource primarily,4
base shale,4
supply clean,4
effective renewable,4
production renewable,4
provide renewable,4
start renewable,4
emission gas,4
like renewable,4
transition fuel,4
future renewable,4
importance energy,4
plant decade,4
address fuel,4
station south,4
particularly coastal,4
generation wind,4
operate renewable,4
place energy,4
specifically wind,4
new baseload,4
environmental upgrade,4
plant power,4
environmental policy,4
waxman markey,4
grow wind,4
update federal,4
energy renewable,4
megawatt make,4
regard emission,4
new combustion,4
epa recently,4
epa require,4
assembly pass,4
recognize utility,4
energy important,4
energy target,4
state air,4
electric membership,4
plant energy,4
unscrubbed coal,4
power electric,4
reduce electricity,4
energy previously,4
mix solar,4
power ownership,4
residual rule,4
solar north,4
offset carbon,4
comment epa,4
say renewable,4
believe solar,4
carolina approve,4
epa new,4
utility offset,4
comply environmental,4
adoption energy,4
efficient combine,4
clean form,4
clean natural,4
credit itc,4
primarily renewable,4
clean renewable,4
collaboratively stakeholder,4
integration renewable,4
cut carbon,4
renewable clean,4
generate energy,4
approve deferral,4
distribution upgrade,4
commitment renewable,4
customer renewable,4
energy community,4
double renewable,4
gigawatt utility,4
wind component,4
coal renewable,4
credit wind,4
generation retirement,4
plan clean,4
bring renewable,4
gigawatt additional,4
vehicle adoption,4
leadership energy,4
achieve clean,4
deployment renewable,4
emission natural,4
issue request,4
renewable supply,4
buy renewable,4
level renewable,4
execute energy,4
approve fuel,4
bring clean,4
asset renewable,4
coastal area,4
renewable addition,4
legislation make,4
battery solar,4
value reliability,4
nuclear continue,4
power produce,4
utility size,4
activity electric,4
instead coal,4
governor malloy,4
energy time,4
agreement nextera,4
air station,4
expand solar,4
megawatt offshore,4
upgrade electric,4
record environmental,4
efficient sustainable,4
coastal region,4
phase grid,4
emission enhance,4
strength wind,4
way energy,4
generation play,4
energy solar,4
technology renewable,4
backup fuel,4
non renewable,4
tariff project,4
regard alternative,4
vehicle good,4
vehicle hybrid,4
vehicle consumer,4
vehicle fast,4
select vehicle,4
vehicle autonomous,4
vehicle solution,4
vehicle far,4
range anxiety,4
vehicle mention,4
make electric,4
digital connectivity,4
entire vehicle,4
personal vehicle,4
battery charge,4
support mechanism,4
year aero,4
efficiency energy,4
global middle,4
improvement air,4
global clean,4
decline renewable,4
energy versus,4
arnold energy,4
customer wind,4
renewable particularly,4
solar time,4
electric low,4
poor wind,4
trend renewable,4
current renewable,4
renewable pipeline,4
construction renewable,4
gas emit,4
universal solar,4
price renewable,4
energy battery,4
mean renewable,4
return wind,4
unfavorable wind,4
hydrogen market,4
operate transmission,4
gigawatt add,4
interconnect grid,4
utility cooperative,4
gas ethylene,4
progress carbon,4
power submit,4
nuclear loan,4
solar electric,4
response clean,4
power resource,4
environmental concern,3
reliability upgrade,3
program clean,3
efficiency environmental,3
use sustainable,3
sustainability issue,3
talk wind,3
solar example,3
primarily solar,3
australian resource,3
solar like,3
world prepare,3
brazil construction,3
climate work,3
specifically solar,3
solar remain,3
solar piece,3
construction solar,3
electricity renewable,3
gas blend,3
achieve environmental,3
climate energy,3
truck include,3
use electric,3
component electric,3
electric hydrogen,3
order energy,3
compressor gas,3
line energy,3
add grid,3
cell power,3
fact renewable,3
contribute power,3
synthetic gas,3
alternative renewable,3
carbon legislation,3
conventional shale,3
leadership environmental,3
energy believe,3
study energy,3
emission world,3
energy successful,3
overall emission,3
emission energy,3
emission production,3
mitigate natural,3
value carbon,3
air resource,3
resource board,3
commission utility,3
energy currently,3
naphtha lpg,3
load lng,3
class natural,3
stringent fuel,3
decrease carbon,3
fuel california,3
involve renewable,3
large carbon,3
climate issue,3
energy people,3
sell renewable,3
bridge fuel,3
address carbon,3
paris climate,3
renewable potential,3
renewable specifically,3
energy fundamental,3
advance renewable,3
execute efficient,3
world carbon,3
conditional use,3
use permit,3
boiler steam,3
renewable portion,3
policy leader,3
energy way,3
energy begin,3
gallon expect,3
safe clean,3
emission work,3
fuel carbon,3
sustainable fuel,3
decade particularly,3
acquire wind,3
air program,3
high emit,3
ohio energy,3
couple environmental,3
development wind,3
emission coal,3
expand wind,3
nox emission,3
recall energy,3
wind texas,3
court overturn,3
efficiency requirement,3
hopeful commission,3
intake structure,3
issue climate,3
respect renewable,3
turn nuclear,3
wind joint,3
energy agreement,3
megawatt north,3
construction afudc,3
regulation coal,3
approval recovery,3
carbon gas,3
energy forecast,3
dioxide nitrogen,3
meet rps,3
nuclear natural,3
act amendment,3
annual recovery,3
energy major,3
epa work,3
propose electric,3
upgrade nuclear,3
dispatch agreement,3
generation complete,3
carolina supreme,3
energy recognize,3
renewable platform,3
trend water,3
vehicle couple,3
energy increasingly,3
megawatt acquire,3
purchase output,3
form renewable,3
include epa,3
propose clean,3
lot nuclear,3
total carbon,3
renewable help,3
focus grid,3
clean smart,3
project clean,3
efficient building,3
renewable believe,3
wind rain,3
penetration renewable,3
plan carbon,3
produce clean,3
facility energy,3
grid device,3
indirect job,3
nation infrastructure,3
energy develop,3
grid renewable,3
make grid,3
permit army,3
place renewable,3
term carbon,3
development electric,3
efficient energy,3
support electric,3
propose utility,3
upgrade reduce,3
energy perspective,3
pace energy,3
sustainable practice,3
lead carbon,3
license nuclear,3
gas carbon,3
include climate,3
life coal,3
advocate energy,3
credit utility,3
renewable forward,3
share solar,3
climate target,3
coal carbon,3
leader clean,3
power clean,3
energy add,3
renewable play,3
state clean,3
support solar,3
favorable renewable,3
renewable especially,3
renewable distribute,3
target carbon,3
wind believe,3
potential renewable,3
megawatt approve,3
support carbon,3
target gigawatt,3
need carbon,3
commission extend,3
gigawatt nuclear,3
mechanism similar,3
energy early,3
ohio public,3
plant qualify,3
mean wind,3
connect electric,3
recent commission,3
base wind,3
waste wood,3
energy involve,3
station shut,3
utility mean,3
bridgeport connecticut,3
gas virginia,3
qualify federal,3
reliability utility,3
ccgt project,3
electric op,3
comply exist,3
renewable acquisition,3
mandate renewable,3
especially solar,3
wyoming public,3
solar fleet,3
generator steam,3
energy environment,3
benefit clean,3
connecticut department,3
resource contract,3
sustainable innovative,3
emission significantly,3
forward solar,3
lng fuel,3
use transportation,3
blow sun,3
emit resource,3
work solar,3
extension renewable,3
current solar,3
energy affordable,3
energy local,3
energy safe,3
role coal,3
vineyard wind,3
expansion clean,3
generation south,3
kind carbon,3
use carbon,3
utility investor,3
wind reduce,3
impact renewable,3
wind partnership,3
wind supply,3
ontario power,3
time renewable,3
turbine tower,3
capacity renewable,3
continue nuclear,3
power major,3
incremental wind,3
jeff bennett,3
efficient engine,3
sale hybrid,3
mobility autonomous,3
win vehicle,3
place vehicle,3
focus passenger,3
electrify vehicle,3
follow electric,3
vehicle significant,3
global electric,3
pure battery,3
vehicle truck,3
vehicle utilize,3
assemble vehicle,3
car electric,3
gas regulation,3
ice sale,3
lead vehicle,3
produce electric,3
incentive vehicle,3
traditional vehicle,3
vehicle currently,3
software quality,3
vehicle need,3
apply vehicle,3
vehicle internal,3
deliver award,3
use clean,3
vehicle significantly,3
strength vehicle,3
big wind,3
vehicle safe,3
vehicle decrease,3
vehicle opportunity,3
electric autonomous,3
vehicle announce,3
vehicle potential,3
wireless battery,3
emission long,3
emission new,3
cell vehicle,3
vehicle run,3
vehicle overall,3
electric motor,3
petrochemical natural,3
highlight transportation,3
global warm,3
supply industrial,3
hour large,3
annual emission,3
petrochemical process,3
role renewable,3
accelerate energy,3
expansion energy,3
energy point,3
energy little,3
portfolio distribute,3
increase affordable,3
case wind,3
tea energy,3
plus coffee,3
carbon target,3
water resource,3
energy country,3
national renewable,3
overhead power,3
electrification energy,3
favorable secular,3
ask natural,3
hybrid use,3
carbon emit,3
chain energy,3
incremental renewable,3
old wind,3
unit kilowatt,3
life wind,3
subsidiary energy,3
efficient power,3
progress renewable,3
turn fpl,3
change renewable,3
drive renewable,3
good wind,3
resource nep,3
transmission access,3
issue clean,3
renewable drive,3
renewable right,3
resource renewable,3
business fpl,3
efficiency natural,3
repowering wind,3
emit power,3
infrastructure alternative,3
associate renewable,3
megawatt repowering,3
rick perry,3
solar combine,3
share renewable,3
wind demand,3
support california,3
energy invest,3
present energy,3
transmission support,3
hydrogen hydrogen,3
portfolio utility,3
leader battery,3
panel battery,3
mix renewable,3
strong electricity,3
joaquin basin,3
development water,3
energy concept,3
effective sustainable,3
industrial source,3
emission approximately,3
lignite fuel,3
source electricity,3
generation southern,3
solar acquisition,3
gas clean,3
generation carbon,3
energy canada,3
efficient traditional,3
chile include,3
consumption reduce,3
electrostatic precipitator,3
fee energy,3
emission low,3
commitment power,2
challenge electric,2
area autonomous,2
generation form,2
role design,2
noise emission,2
design battery,2
energy marketplace,2
lead certification,2
building environment,2
efficient environment,2
issue air,2
include autonomous,2
focus wind,2
time emission,2
gas boom,2
energy machine,2
stimulus initiative,2
solar kind,2
change solar,2
gas reciprocate,2
order electric,2
energy transport,2
factor resource,2
technology autonomous,2
happen solar,2
reduction solar,2
sector heavy,2
solar direct,2
demand shale,2
gas biogas,2
eu emission,2
issue solar,2
renewable alternative,2
turbine wind,2
application transportation,2
substitute natural,2
climate environment,2
focus climate,2
electric locomotive,2
type energy,2
old energy,2
renewable benefit,2
hybrid battery,2
high solar,2
transmission improve,2
sea level,2
supply reliable,2
turbine provide,2
application solar,2
build electricity,2
electric large,2
hydrogen natural,2
run hydrogen,2
grid gas,2
requirement grid,2
respect solar,2
producer project,2
energy upstream,2
petroleum resource,2
secondly natural,2
farm offshore,2
party natural,2
realization natural,2
energy example,2
kansai electric,2
energy minister,2
climate action,2
fact president,2
monitor reduce,2
cheap clean,2
topic energy,2
conventional non,2
respect emission,2
emission include,2
stable efficient,2
administration commitment,2
gas transition,2
design use,2
project thailand,2
range environmental,2
issue carbon,2
remain environmental,2
australia natural,2
solution carbon,2
valley heavy,2
project strongly,2
chubu electric,2
complete lng,2
nation grow,2
alternative natural,2
model utility,2
clean transportation,2
mexico lng,2
efficient build,2
energy administration,2
increasingly stringent,2
government commit,2
conventional energy,2
purchase wind,2
solar play,2
ambient air,2
energy week,2
integrate wind,2
california air,2
kind energy,2
turn renewable,2
power offshore,2
project carbon,2
deliver carbon,2
emission use,2
indicate energy,2
need california,2
power rating,2
energy double,2
add carbon,2
station online,2
convert renewable,2
facility fuel,2
introduce fuel,2
plant lower,2
policy renewable,2
premier energy,2
grid meter,2
gas regional,2
reliance import,2
friendly option,2
outage improve,2
efficient equipment,2
efficient type,2
fleet generation,2
enhance resiliency,2
add wind,2
gas wind,2
megawatt asset,2
megawatt auction,2
pursue renewable,2
available control,2
concern wind,2
plant nation,2
target renewable,2
value emission,2
compliance epa,2
elect obama,2
invest wind,2
area florida,2
meet policy,2
regulator policy,2
allowance allocate,2
energy success,2
power outside,2
relate electric,2
supercritical pulverize,2
art power,2
significant nuclear,2
electric equipment,2
emission sulfur,2
energy establish,2
generation locate,2
world solar,2
propose transport,2
repowering program,2
conditionally approve,2
construct wind,2
generation nearly,2
file stipulation,2
oxide emission,2
strong nuclear,2
electricity long,2
procure energy,2
proposal long,2
rule csapr,2
source carbon,2
supply load,2
improve nuclear,2
utility merger,2
coal storage,2
increasingly strict,2
role state,2
scrub coal,2
jurisdiction federal,2
clean electricity,2
policy reason,2
commission electric,2
energy leadership,2
gas exceed,2
summer nuclear,2
low renewable,2
available solar,2
proposal develop,2
commercial generation,2
management coal,2
require transmission,2
generator operate,2
power important,2
transportation chemical,2
energy diversity,2
regard clean,2
renewable kind,2
wind pattern,2
strengthen reliability,2
commercial natural,2
utility recognize,2
add electric,2
file recover,2
grid create,2
hour wind,2
solar commercial,2
solar potential,2
quality certificate,2
drive grid,2
energy clear,2
facility nuclear,2
finance renewable,2
hydro wind,2
renewable talk,2
storage improve,2
associate clean,2
clean cheap,2
grid large,2
make energy,2
energy experience,2
facility renewable,2
reliability enable,2
fleet clean,2
wind heavy,2
multiple utility,2
energy objective,2
energy receive,2
megawatt announce,2
transform generation,2
address clean,2
case permit,2
market clean,2
solar need,2
century energy,2
historically energy,2
legislative support,2
stabilization adjustment,2
bring wind,2
credit energy,2
expect carbon,2
far renewable,2
goal clean,2
maintenance nuclear,2
utility address,2
wind state,2
expansion nuclear,2
wind availability,2
application nuclear,2
impact clean,2
policy federal,2
align utility,2
significant carbon,2
work clean,2
provision legislation,2
renewable particular,2
renewable regulate,2
steward environment,2
renewable time,2
commission stakeholder,2
recognize carbon,2
wind small,2
benefit carbon,2
pump hydro,2
renewable lot,2
talk grid,2
storage hydro,2
phase energy,2
grid new,2
reliable natural,2
turbine manufacturer,2
grid generation,2
role utility,2
point electric,2
earn energy,2
request recover,2
efficiency component,2
use utility,2
bridge power,2
country utility,2
obviously nuclear,2
energy basically,2
return electric,2
construct coal,2
nox sox,2
sox mercury,2
conservation demand,2
miso region,2
conservation plan,2
generation regulate,2
water critical,2
hold nuclear,2
program recovery,2
load equivalent,2
mmbtu change,2
rps goal,2
nation economic,2
utility outage,2
advantage coal,2
consumption energy,2
marginal coal,2
purchase emission,2
energy place,2
station schedule,2
turbine complete,2
impact epa,2
charge electric,2
regulation environmental,2
burn fuel,2
efficient construction,2
series hybrid,2
sign natural,2
sell nuclear,2
backbone transmission,2
energy possible,2
project output,2
small renewable,2
unregulated electric,2
form gas,2
megawatt purchase,2
commission certificate,2
acquire construction,2
turbine unit,2
voltage control,2
fuel electric,2
meet clean,2
utility generator,2
commission construction,2
request implement,2
department navy,2
navy develop,2
commission solar,2
commission utah,2
legislation establish,2
megawatt achieve,2
quality permit,2
achieve grid,2
local electric,2
environmental standard,2
cold reserve,2
consume coal,2
implement environmental,2
energy tariff,2
vehicle grid,2
energy enterprise,2
promote energy,2
solution sustainable,2
source electric,2
turbine size,2
recent solar,2
right electric,2
say electric,2
transmission electric,2
customer carbon,2
electric output,2
emission cut,2
energy deployment,2
majority solar,2
sustainable generation,2
administration clearly,2
change clean,2
diverse fuel,2
efficiency renewable,2
particularly electric,2
total electricity,2
application hydrogen,2
renewable electric,2
renewable procurement,2
coal free,2
heavy snow,2
resource solar,2
policy economic,2
asset solar,2
approve stipulation,2
policy directive,2
settlement electric,2
case renewable,2
generation announce,2
wind future,2
wind lease,2
cause energy,2
grid serve,2
request power,2
individual power,2
national utility,2
significant electricity,2
turbine need,2
vehicle size,2
requirement fuel,2
save technology,2
stimulus effort,2
support stimulus,2
union announce,2
electric hybrid,2
safety fuel,2
focus electric,2
expect epa,2
individual vehicle,2
electrical load,2
vehicle power,2
percent vehicle,2
combustion hybrid,2
diesel passenger,2
partnership city,2
economy vehicle,2
electric passenger,2
passenger commercial,2
development autonomous,2
hybrid pure,2
change battery,2
electric platform,2
core vehicle,2
production electric,2
boost vehicle,2
ion phosphate,2
opportunity electric,2
believe electric,2
develop autonomous,2
vehicle plug,2
vehicle course,2
work electric,2
market electric,2
efficient design,2
vehicle ramp,2
electric range,2
especially hybrid,2
china vehicle,2
vehicle example,2
shift electric,2
hybrid fully,2
like hybrid,2
obviously vehicle,2
logistic vehicle,2
vehicle key,2
environment wind,2
vehicle demonstrate,2
penetration electric,2
vehicle pure,2
test autonomous,2
battery range,2
provision supply,2
effect climate,2
vehicle plant,2
ev fast,2
agreement posco,2
plant recognize,2
facility environmentally,2
think lithium,2
future transportation,2
deliver environmental,2
solution pursue,2
vehicle range,2
economic security,2
production lithium,2
building energy,2
regulation significant,2
hour commercial,2
mention stimulus,2
building residential,2
automotive air,2
vehicle manufacturer,2
partnership energy,2
installation energy,2
manufacturer globally,2
diesel base,2
diesel light,2
distribution smart,2
warm product,2
energy footprint,2
meet environmental,2
minimize waste,2
pool pump,2
farm project,2
emission meet,2
innovation sustainable,2
lead evolution,2
energy aerospace,2
energy non,2
renewable green,2
theme energy,2
consumer energy,2
energy broad,2
depend legislation,2
value clean,2
energy lot,2
energy commitment,2
size energy,2
include affordable,2
concern energy,2
stimulus provide,2
note wind,2
example renewable,2
community water,2
water community,2
consumption home,2
opportunity clean,2
effort renewable,2
partnership department,2
save electricity,2
telecommunication utility,2
vision energy,2
solution renewable,2
energy automotive,2
recognize epa,2
energy kind,2
energy reduce,2
pollution prevention,2
sustainability environmental,2
environmental management,2
renewable way,2
efficiency distribute,2
security power,2
compliance device,2
power security,2
air pollutant,2
fact wind,2
state wind,2
commission nrc,2
contract ppa,2
current wind,2
lead wind,2
certain wind,2
conservation environmental,2
date wind,2
shift energy,2
efficiency turbine,2
president fpl,2
proportion energy,2
fluctuation natural,2
sell wind,2
resiliency reliability,2
limit natural,2
thought energy,2
address utility,2
carbon control,2
consumption make,2
megawatt near,2
renewable mix,2
clear solar,2
renewable country,2
solar particularly,2
saving emission,2
performance solar,2
reliability generation,2
megawatt able,2
addition texas,2
contribution wind,2
nuclear renewable,2
plan renewable,2
energy bring,2
phase coal,2
turbine total,2
remember wind,2
texas seek,2
product solar,2
renewable long,2
additional retirement,2
future wind,2
power wind,2
renewable large,2
want renewable,2
connection natural,2
link renewable,2
solar incentive,2
wind case,2
develop battery,2
grid help,2
aggressive renewable,2
create renewable,2
role country,2
emission electricity,2
achieve emission,2
megawatt community,2
resident business,2
utility competitive,2
america clean,2
progress smart,2
source clean,2
administration push,2
carbon disclosure,2
disclosure project,2
goal install,2
issue nuclear,2
renewable mean,2
application lithium,2
megawatt distribute,2
renewable currently,2
technology clean,2
emission generation,2
gas green,2
kilovolt transmission,2
like battery,2
temperature condition,2
carbon portfolio,2
megawatt provide,2
energy cheap,2
estimate solar,2
independence security,2
source renewable,2
base hydrogen,2
develop green,2
gigawatt net,2
production solar,2
renewable combine,2
solar currently,2
addition gigawatt,2
electricity wind,2
storage power,2
wind sun,2
work hydrogen,2
sector renewable,2
construct transmission,2
power course,2
reliable generation,2
storage key,2
importance natural,2
storage help,2
sun wind,2
transmission require,2
automation smart,2
especially renewable,2
restart nuclear,2
diverse power,2
source solar,2
critical transmission,2
portfolio electric,2
utility municipal,2
serve generation,2
generation example,2
economic natural,2
governor brown,2
provide water,2
industry alternative,2
talk emission,2
plant adjacent,2
tcf natural,2
business emission,2
policy view,2
vehicle hydrogen,2
emission continue,2
duty transportation,2
intensity fuel,2
development conventional,2
capture natural,2
cell play,2
development act,2
stable inflation,2
allowance equity,2
load nuclear,2
plant industrial,2
environmental legislation,2
simply energy,2
guangdong province,2
major automobile,2
supply residential,2
term kilowatt,2
nation electric,2
utility mact,2
coal environmental,2
power essentially,2
power possible,2
power reach,2
conditional loan,2
power city,2
resource nuclear,2
utilize alternative,2
electric network,2
regulator seek,2
service commissioner,2
energy decade,2
energy grant,2
power form,2
success solar,2
future clean,2
sector fuel,2
traditional natural,2
efficient device,2
nuclear base,2
megawatt baseload,2
power specifically,2
climate country,2
proposal rfps,2
annual electricity,2
serve peak,2
rise gigawatt,2
damage transmission,2
government india,2
water food,2
commitment compliance,2
wind brazil,2
heat steam,2
demand warm,2
efficiency award,2
burn diesel,2
law march,2
sea water,2
emission provide,2
gas footprint,2
make carbon,2
efficient air,1
need military,1
solution air,1
drive retirement,1
ensure fuel,1
specifically electrical,1
battery service,1
battery solution,1
battery swap,1
law early,1
helicopter support,1
reduce dispatch,1
senate appropriation,1
provide city,1
example wind,1
pass quality,1
replacement lead,1
year governor,1
actuator control,1
conservation renewable,1
recognition energy,1
accountability act,1
meet specify,1
recall public,1
level shut,1
security national,1
ice issue,1
navy award,1
control engine,1
energy reason,1
line electric,1
climate outlook,1
win gas,1
solar thing,1
relate epa,1
end solar,1
use regulation,1
driver touch,1
economy engine,1
president resource,1
yesterday president,1
government aggressive,1
end electric,1
underlie power,1
portion electricity,1
retroactively extend,1
difficult energy,1
forecast resource,1
big electric,1
certain solar,1
interim energy,1
equipment electric,1
emission locomotive,1
turbine compressor,1
maintain vehicle,1
turn efficient,1
concern resource,1
economy infrastructure,1
important solar,1
solar flat,1
additionally power,1
industrial aftermarket,1
power strategy,1
meet eu,1
anticipate solar,1
equipment light,1
away fossil,1
battery hybrid,1
farm solar,1
safety autonomous,1
support marine,1
electrical energy,1
gas substitute,1
emission project,1
solar experience,1
transportation primarily,1
emission ton,1
restriction natural,1
protection order,1
announce infrastructure,1
electric machine,1
versus battery,1
pipeline solar,1
entire generation,1
operate diesel,1
shipment energy,1
absorb energy,1
charge solution,1
reduction nitrogen,1
saving natural,1
news power,1
intermittent nature,1
segment solar,1
turbine solar,1
power distribute,1
point solar,1
transmission oil,1
battery small,1
energy anticipate,1
generator start,1
power trend,1
solution expansion,1
gas policy,1
think obama,1
contributor energy,1
gas substitution,1
reversal coal,1
gas comprise,1
cover natural,1
europe award,1
gas somewhat,1
sichuan basin,1
design natural,1
heavy natural,1
senate think,1
lng liquid,1
contract british,1
emission significant,1
notice award,1
december ice,1
investor energy,1
national offshore,1
believe emission,1
old steam,1
production emission,1
especially emission,1
efficiency similar,1
modification service,1
emission produce,1
industry wind,1
mandate reduce,1
recognize natural,1
substitution natural,1
switch lng,1
industry nuclear,1
supply improvement,1
energy rebate,1
announce natural,1
offshore natural,1
addition green,1
report environmental,1
environmental focus,1
influence energy,1
near facility,1
arrangement natural,1
reflect dry,1
tremendous natural,1
california require,1
country electricity,1
vast natural,1
generator site,1
plant resource,1
reliability exist,1
tight shale,1
class reservoir,1
court affirm,1
provide environmentally,1
approve gas,1
diesel gen,1
invest distribute,1
energy alternative,1
integrate grid,1
oil emission,1
liquid ability,1
unit emission,1
investment federal,1
california fuel,1
gas mark,1
renewable general,1
diversification energy,1
energy european,1
intensity energy,1
diesel sell,1
fuel especially,1
geothermal power,1
average carbon,1
emission result,1
line renewable,1
renewable conventional,1
carbon high,1
form lng,1
want energy,1
company renewable,1
diesel facility,1
production energy,1
energy advance,1
farm month,1
solar today,1
lng petrochemical,1
station produce,1
grid country,1
power player,1
series energy,1
discussion policy,1
grid demand,1
certificate expect,1
regulation worldwide,1
timely recover,1
role fuel,1
plant domestic,1
carbon produce,1
role distribution,1
investment air,1
protect power,1
tariff subsidy,1
utilize efficient,1
main vehicle,1
high renewable,1
efficient plane,1
regard thermal,1
young fuel,1
domestic hot,1
edge stuff,1
especially coastal,1
loyalty capture,1
hit natural,1
cycle nuclear,1
favorable hydrology,1
generation boiler,1
megawatt regulate,1
regulation public,1
solar biomass,1
benefit emission,1
energy developer,1
implement solar,1
plant wind,1
wind platform,1
decline kilowatt,1
electricity end,1
emphasis energy,1
exist energy,1
respect wind,1
rule clean,1
source power,1
clean smokestack,1
carbon cap,1
electricity standard,1
new richmond,1
plant repowering,1
develop nuclear,1
energy park,1
heavily coal,1
profile generation,1
contest case,1
energy allocate,1
water discharge,1
efficiency piece,1
generation emission,1
policy arena,1
renewable efficiency,1
legislation washington,1
oxide mercury,1
panel wind,1
air project,1
efficiency alternative,1
energy attractive,1
oxide sulfur,1
plug electric,1
leader wind,1
upcoming environmental,1
world wind,1
convert combine,1
emit generation,1
environmental initiative,1
flexibility comply,1
information environmental,1
institute nuclear,1
new pollution,1
outlook nuclear,1
utility comply,1
approval invest,1
auction energy,1
bid energy,1
control sulfur,1
energy address,1
energy option,1
marketplace energy,1
nature energy,1
output generate,1
safe energy,1
decrease kilowatt,1
experience coal,1
fleet midwest,1
generate megawatt,1
generation specifically,1
respect carbon,1
spread energy,1
remind megawatt,1
transfer generation,1
cut electricity,1
policy european,1
turbine natural,1
request september,1
result nuclear,1
engage pipeline,1
release water,1
address maintenance,1
environmental air,1
result renewable,1
mw combine,1
waste environmental,1
plant draw,1
solar represent,1
credit advantage,1
customer rooftop,1
development distribute,1
output solar,1
disposal coal,1
efficiency residential,1
hydroelectric asset,1
run thermal,1
additionally government,1
duration power,1
federal epa,1
plan regulation,1
understand wind,1
clean modern,1
government target,1
megawatt simple,1
replace combine,1
abundant low,1
advance utility,1
grid reduce,1
plant comply,1
energy home,1
ensure environmental,1
gas equation,1
advance natural,1
deliver renewable,1
renewable make,1
renewable team,1
solution coal,1
consist natural,1
install renewable,1
necessity cpcn,1
consumption electric,1
flexible reliable,1
renewable lead,1
standard utility,1
compensate energy,1
fleet emission,1
grid north,1
outage detection,1
shift renewable,1
water act,1
choice energy,1
gas america,1
include wastewater,1
authorize begin,1
overall grid,1
renewable facility,1
utility case,1
foundation smart,1
renewable big,1
renewable rider,1
safe affordable,1
facility solar,1
energy global,1
stage wind,1
station state,1
week court,1
certain renewable,1
climate state,1
grid enhance,1
mechanism project,1
senate week,1
week house,1
community infrastructure,1
energy distribute,1
unit renewable,1
vote house,1
energy rfp,1
infrastructure grid,1
rfp seek,1
array energy,1
grid expand,1
require utility,1
course renewable,1
renewable goal,1
return coal,1
ability utility,1
deploy energy,1
energy resiliency,1
storage distribute,1
utility demonstrate,1
energy federal,1
energy potential,1
gas utilize,1
municipal bus,1
share clean,1
support electrification,1
company carbon,1
reduction renewable,1
source reliable,1
supportive energy,1
critical coal,1
europe clean,1
renewable contribution,1
scope certain,1
target energy,1
megawatt electric,1
efficiency carbon,1
highlight fuel,1
place solar,1
clean secure,1
develop offshore,1
fund clean,1
small distribute,1
hand fuel,1
community economic,1
group environmental,1
mechanism jurisdiction,1
today electric,1
large rooftop,1
fact nuclear,1
investment comply,1
pass natural,1
state meet,1
wind bring,1
asset grid,1
file resource,1
construction gigawatt,1
legislation way,1
play power,1
turbine commitment,1
allow electric,1
robust transmission,1
instrument future,1
energy late,1
energy soon,1
size generation,1
utility participate,1
lock energy,1
pennsylvania commission,1
incentive utility,1
reduce nox,1
unregulated power,1
auction new,1
management conservation,1
power regulate,1
regulation utility,1
appeal state,1
megawatt short,1
approach environmental,1
approval pennsylvania,1
easy site,1
power joint,1
remand case,1
wind speed,1
account recover,1
future coal,1
advance reactor,1
decision nuclear,1
fleet post,1
notice violation,1
renewable megawatt,1
snow ice,1
governor energy,1
introduce energy,1
limit emission,1
main transmission,1
utility create,1
unregulated natural,1
marcellus natural,1
megawatt locate,1
power fossil,1
power spread,1
region electric,1
sale kewaunee,1
alternative vehicle,1
coal expensive,1
development association,1
turbine replacement,1
damage electric,1
damage nuclear,1
install pollution,1
power necessary,1
doe environmental,1
energy course,1
help utility,1
far electric,1
utility northeast,1
cap megawatt,1
gas dynamic,1
quarter kilowatt,1
capacitor bank,1
load building,1
associate marcellus,1
england energy,1
plant developer,1
gas rule,1
project maryland,1
dominion power,1
strategy solar,1
synchronize grid,1
construction hydro,1
megawatt schedule,1
result carbon,1
efficiency rule,1
tax production,1
farm mention,1
project ohio,1
unit national,1
water safe,1
balance electric,1
compliance clean,1
wexpro gas,1
maintain fuel,1
sign executive,1
megawatt secure,1
competitiveness solar,1
available renewable,1
effort environmental,1
grant certificate,1
significant permit,1
balance megawatt,1
battery store,1
establish renewable,1
farm begin,1
innovative energy,1
pjm interconnection,1
bus electric,1
fuel marine,1
line carbon,1
lng liquefy,1
maritime transportation,1
modernize distribution,1
utility owner,1
wind nuclear,1
emit source,1
law energy,1
program electric,1
enhancement electric,1
drive carbon,1
effort energy,1
energy protect,1
farm wind,1
megawatt small,1
talk clean,1
company thermal,1
promote use,1
renewable course,1
connect project,1
legislation mandate,1
nitrous oxide,1
access renewable,1
coal slide,1
gigawatt currently,1
update solar,1
center transmission,1
delivery safe,1
hour saving,1
connect offshore,1
decade energy,1
talk electric,1
competitive solar,1
voltage electric,1
energy residential,1
station fuel,1
segment renewable,1
settlement natural,1
pjm regional,1
power portion,1
ppa power,1
approve revenue,1
turbine begin,1
electric settlement,1
nuclear initiative,1
obviously electric,1
electric cable,1
law governor,1
gigawatt come,1
approve certificate,1
energy request,1
manage electric,1
emission safety,1
introduction fuel,1
new mercury,1
power assist,1
gasoline power,1
power hybrid,1
series vehicle,1
hybrid transit,1
vehicle achieve,1
vehicle car,1
customer upper,1
partially net,1
engineer vehicle,1
normal vehicle,1
sure vehicle,1
mass reduction,1
efficient truck,1
epa release,1
vehicle park,1
pursue emerge,1
vehicle oem,1
vehicle mobility,1
site natural,1
shift vehicle,1
play smart,1
city infrastructure,1
electrify model,1
electrical vehicle,1
engine hybrid,1
leader utility,1
advance propulsion,1
vehicle demonstration,1
way electric,1
architecture power,1
vehicle area,1
vehicle medium,1
battery kind,1
electric plug,1
road electric,1
america utility,1
automotive electric,1
city transit,1
truck equip,1
know waste,1
area electric,1
battery look,1
control battery,1
ford raptor,1
push natural,1
geothermal energy,1
truck battery,1
expectation vehicle,1
invest vehicle,1
gas credit,1
backup energy,1
battery size,1
combination battery,1
gas version,1
module battery,1
vehicle space,1
air regulation,1
pack vehicle,1
ramp vehicle,1
battery fast,1
buy electric,1
charge vehicle,1
directly vehicle,1
expand vehicle,1
vehicle mean,1
policy national,1
address air,1
highway application,1
national emission,1
sell electrify,1
build grid,1
large grid,1
manufacturer battery,1
administration president,1
sign fuel,1
type electric,1
pressure vehicle,1
actual vehicle,1
consumption enhance,1
vehicle play,1
globe bring,1
inside vehicle,1
share electric,1
standard vehicle,1
mention battery,1
set vehicle,1
january government,1
engine class,1
diesel heavy,1
diesel important,1
generation purpose,1
understand vehicle,1
view vehicle,1
integrate environmental,1
emission efficient,1
california department,1
mean electric,1
vehicle initiative,1
demand electric,1
emission transportation,1
michigan upper,1
yuma arizona,1
boost energy,1
electric electric,1
receive california,1
truck electric,1
happen vehicle,1
track efficiency,1
battery control,1
opportunity affordable,1
vehicle advance,1
cell partnership,1
vehicle stability,1
conventional vehicle,1
know lithium,1
vehicle country,1
world vehicle,1
vehicle project,1
compromise performance,1
motor drive,1
power home,1
source vehicle,1
vehicle international,1
cell electric,1
chinese vehicle,1
efficiency weight,1
leader fuel,1
commercial electric,1
feature car,1
performance emission,1
underscore ongoing,1
push energy,1
solution heavy,1
total environmental,1
efficiency solution,1
ozone deplete,1
brazilian national,1
japanese vehicle,1
control environmental,1
discovery natural,1
grid major,1
energy commercial,1
install energy,1
energy win,1
americas energy,1
euro diesel,1
euro regulation,1
technology electrical,1
emission gasoline,1
mandate federal,1
supply diesel,1
thermal gas,1
vehicle energy,1
fuel replace,1
win water,1
downsize engine,1
improve electricity,1
ongoing secular,1
upgrade air,1
range battery,1
conservation project,1
conversion energy,1
water conservation,1
energy conversion,1
slow energy,1
aerospace heavy,1
feature energy,1
membrane fuel,1
power thermal,1
proton exchange,1
store hydrogen,1
thermal energy,1
emission environmental,1
renewable hydrocarbon,1
storage control,1
fuel sustainable,1
multiple energy,1
water protection,1
awareness energy,1
energy optimization,1
player renewable,1
renewable feedstock,1
consumption device,1
generation aerospace,1
align energy,1
fuel clean,1
east energy,1
seasonality energy,1
generation increasingly,1
decouple sale,1
light quality,1
catalyst lead,1
energy mention,1
proposal add,1
energy comment,1
reference energy,1
energy reserve,1
exam quarter,1
efficiency commitment,1
meet prime,1
minister india,1
change objective,1
control regulation,1
energy release,1
request regulatory,1
prove power,1
cut natural,1
mean green,1
help clean,1
healthy diet,1
complete natural,1
energy discussion,1
successfully connect,1
japan ministry,1
ministry environment,1
england generate,1
inner mongolia,1
farm support,1
plant win,1
energy cool,1
fuel gauge,1
reaffirm strong,1
region inland,1
solution community,1
champion energy,1
minister new,1
partner fuel,1
comfortable energy,1
energy gain,1
drink sell,1
water city,1
improve diet,1
supply strategic,1
energy actually,1
energy january,1
energy select,1
india initiative,1
cool energy,1
protect water,1
water home,1
administration potential,1
change diet,1
addition stable,1
energy drag,1
vehicle require,1
nitride silicon,1
choice solution,1
solar datum,1
kyoto protocol,1
clean alternative,1
draft request,1
rate renewable,1
energy sensitive,1
start camera,1
energy laboratory,1
hybrid car,1
example energy,1
generator large,1
replacement natural,1
create light,1
resource water,1
loss solar,1
industrial specific,1
energy particular,1
agency energy,1
energy electronic,1
rely natural,1
energy model,1
mount project,1
energy sense,1
energy guy,1
energy pipe,1
modify supply,1
infrastructure social,1
emission water,1
focus air,1
overall thermal,1
world climate,1
carbon water,1
benefit vehicle,1
electric growth,1
enable natural,1
environment transportation,1
fall industrial,1
environmental natural,1
optimize visual,1
current adoption,1
acceptance recently,1
reliability generate,1
control assurance,1
consumption build,1
area hybrid,1
payment plant,1
edge power,1
usage power,1
consumption factor,1
county public,1
building smart,1
input power,1
application hybrid,1
spend uncertain,1
power developer,1
agency propose,1
april energy,1
figure energy,1
hazardous air,1
obama sign,1
player natural,1
ppas year,1
producer wind,1
regulate emission,1
tariff government,1
commission megawatt,1
consider legislation,1
energy ebitda,1
expansion wind,1
hasan doza,1
mandate energy,1
megawatt relate,1
proprietary power,1
run renewable,1
target wind,1
turn solar,1
wind purchase,1
agency release,1
daiichi nuclear,1
generator fuel,1
issue wind,1
nation coal,1
output nuclear,1
robust renewable,1
energy load,1
megawatt estimate,1
pv facility,1
run solar,1
wind initiative,1
great wind,1
nation natural,1
course wind,1
england texas,1
federal production,1
remember natural,1
total nuclear,1
additional clean,1
california purchase,1
control electricity,1
equity power,1
regional natural,1
renewable relate,1
wind track,1
wind peak,1
entire wind,1
use fossil,1
wind compare,1
finally transmission,1
megawatt efficient,1
solar pipeline,1
bring solar,1
efficiency roughly,1
electricity versus,1
example vehicle,1
turbine think,1
especially wind,1
renewable probably,1
wind canada,1
local air,1
requirement renewable,1
short megawatt,1
initiative solar,1
installation residential,1
renewable impact,1
resource wind,1
contract nuclear,1
example nuclear,1
fit energy,1
portfolio megawatt,1
stable natural,1
utility key,1
generation figure,1
solar unit,1
wind total,1
frankly energy,1
power installation,1
project transmission,1
fossil renewable,1
mention wind,1
utility award,1
individual wind,1
push power,1
pv generation,1
offering energy,1
utility procure,1
wind attractive,1
develop energy,1
wind invest,1
wind mention,1
quality wind,1
roll fuel,1
water pollution,1
clean highly,1
megawatt share,1
offer installation,1
operation solar,1
concern renewable,1
gain wind,1
potential solar,1
profitability solar,1
competitive levelized,1
complement renewable,1
double wind,1
meter drive,1
offer wind,1
solar way,1
issue grid,1
renewable little,1
renewable utility,1
award public,1
efficient solar,1
solar bid,1
wind firm,1
area wind,1
expensive energy,1
large rotor,1
site solar,1
utilize energy,1
project massachusetts,1
renewable obviously,1
solar tariff,1
tower manufacture,1
utility extend,1
electric opportunity,1
electricity grid,1
electricity storage,1
megawatt future,1
storage installation,1
complement energy,1
electricity clean,1
energy replace,1
nation electricity,1
state power,1
megawatt balance,1
renewable want,1
megawatt delivery,1
renewable plus,1
set wind,1
extension section,1
generation interconnection,1
quality energy,1
mainly wind,1
generation case,1
private solar,1
renewable great,1
demand battery,1
emphasis renewable,1
turbine plan,1
wind renewable,1
decline wind,1
grid come,1
munis op,1
renewable non,1
state battery,1
battery today,1
construct approximately,1
develop clean,1
efficient green,1
ferc new,1
fuel vehicle,1
government renewable,1
grid efficient,1
performance renewable,1
replace fossil,1
solar array,1
cheap electricity,1
combustion gas,1
performance clean,1
renewable incentive,1
sector application,1
transportation electric,1
wind natural,1
yes solar,1
power spend,1
renewable know,1
renewable overall,1
sector environmental,1
supply transmission,1
supportive renewable,1
energy california,1
use wind,1
energy offering,1
exactly energy,1
market wind,1
power clear,1
trend electrification,1
country renewable,1
energy tend,1
produce solar,1
hour utility,1
panel energy,1
allow wind,1
corporation federal,1
facility landfill,1
incentive federal,1
incorporate power,1
program solar,1
project landfill,1
renewable total,1
experience renewable,1
hydrogen product,1
hydrogen solution,1
know wind,1
renewable improve,1
role demand,1
leader hydrogen,1
meet electricity,1
solar low,1
build hydrogen,1
bus bar,1
capacity battery,1
renewable focus,1
renewable partner,1
solar transmission,1
trend wind,1
customer transmission,1
region wind,1
reminder partnership,1
renewable competitive,1
blend natural,1
complete transmission,1
political wind,1
world renewable,1
energy capture,1
flat power,1
interconnect transmission,1
american wind,1
connect renewable,1
generation retire,1
hear power,1
megawatt transmission,1
online megawatt,1
place wind,1
leadership power,1
renewable say,1
set solar,1
solution nuclear,1
administration energy,1
available wind,1
currently gigawatt,1
exist electric,1
renewable meet,1
upgrade natural,1
source wind,1
storage world,1
supplier globe,1
effective generation,1
job energy,1
renewable today,1
chain power,1
thing nuclear,1
customer battery,1
gas annually,1
key federal,1
commission nuclear,1
forecast gigawatt,1
grid grow,1
leader gas,1
load power,1
service lng,1
storage utility,1
gas forth,1
ice control,1
minister petroleum,1
ngl relate,1
flat natural,1
eliminate natural,1
offer reliable,1
california environmental,1
usage help,1
plant reliable,1
reliable gas,1
compression power,1
contain natural,1
gas geothermal,1
draw water,1
gas extract,1
generation domestic,1
help california,1
development clean,1
environmentally sensitive,1
slide environmental,1
develop shale,1
friendly refrigerant,1
ensure water,1
focus water,1
impact climate,1
term climate,1
energy condition,1
energy significantly,1
currently primary,1
administration implement,1
wind technology,1
community reinvestment,1
know carbon,1
sector water,1
gas methane,1
concern carbon,1
energy electric,1
provide emission,1
sustainable enable,1
slow restart,1
gas abundant,1
power turbine,1
emission level,1
energy especially,1
opportunity emission,1
power emission,1
solar target,1
focus emission,1
investment conventional,1
ozone layer,1
create electricity,1
design water,1
effort water,1
support transportation,1
thank government,1
commission water,1
extension energy,1
help natural,1
manage water,1
significant emission,1
world green,1
treat operation,1
renew congress,1
government goal,1
administration view,1
base rebate,1
management incorporate,1
senate recently,1
authority request,1
population combine,1
authorization european,1
commission european,1
leverage cut,1
cell lead,1
technology hot,1
performance hydro,1
project fossil,1
agreement environmental,1
increase fossil,1
power party,1
provide nuclear,1
additional energy,1
afudc relate,1
procure construct,1
requirement emission,1
slowdown power,1
commit environmental,1
dispatch base,1
electricity provide,1
electricity time,1
likely energy,1
decline environmental,1
proposal energy,1
concept energy,1
federal renewable,1
house energy,1
standard energy,1
biomass power,1
plant consist,1
technology capture,1
clean fleet,1
efficient electric,1
experience solar,1
megawatt combustion,1
photovoltaic technology,1
power utilize,1
stimulus legislation,1
load summer,1
photovoltaic power,1
requirement industrial,1
status construction,1
voltage transformer,1
choice fuel,1
coal order,1
displace natural,1
efficient modern,1
group water,1
rely coal,1
renewable account,1
capture coal,1
displacement coal,1
energy addition,1
reserve coal,1
resource fuel,1
achievable control,1
evolve environmental,1
combustion carbon,1
government contribute,1
pool energy,1
rate environmental,1
rule november,1
scrubber coal,1
conventional renewable,1
energy pool,1
example electric,1
wet scrubber,1
promote clean,1
biomass generation,1
buy energy,1
combustion byproduct,1
court recent,1
guarantee doe,1
gas appear,1
reliance natural,1
energy similar,1
small energy,1
truck operator,1
energy exporter,1
energy influence,1
energy wind,1
essentially energy,1
fleet environmental,1
load intermediate,1
order renewable,1
renewable biomass,1
unlike natural,1
affect electricity,1
economy electricity,1
increase hydroelectric,1
structure water,1
energy medical,1
baseload resource,1
solar natural,1
basically solar,1
capex solar,1
energy single,1
generation economic,1
power biomass,1
area solar,1
company wind,1
generation rooftop,1
position wind,1
power activity,1
utility develop,1
wind different,1
energy et,1
flue gas,1
installation turbine,1
revenue waste,1
manufacturer solar,1
require clean,1
aerospace chemical,1
broadly energy,1
wind mix,1
consume electric,1
dominant energy,1
leadership house,1
type natural,1
charge natural,1
emerge solar,1
energy productivity,1
gas emerge,1
issue renewable,1
make electricity,1
power december,1
power establish,1
standard national,1
storage generation,1
thing electric,1
wind wire,1
electricity growth,1
energy convert,1
turbine purchase,1
credit plant,1
deputy prime,1
regulation benefit,1
decision utility,1
know electric,1
projection natural,1
standpoint fuel,1
manufacture electric,1
fuel believe,1
gas trust,1
place environmental,1
term electric,1
grid commercial,1
electric look,1
energy budget,1
gas efficient,1
renewable rate,1
renewable recent,1
utility exist,1
pump plant,1
try fuel,1
power win,1
importance gas,1
start carbon,1
start electric,1
carbon environment,1
gas maintain,1
fuel electrical,1
month president,1
renewable environmental,1
wind people,1
combination coal,1
couple wind,1
light file,1
work electrical,1
push renewable,1
sorry wind,1
transmission associate,1
air energy,1
battery include,1
create energy,1
current nuclear,1
heat project,1
help nuclear,1
issuance green,1
locate oklahoma,1
power active,1
outage generate,1
portable water,1
energy imbalance,1
clean economical,1
electric bus,1
energy dispatch,1
energy government,1
weather climate,1
equivalent energy,1
series power,1
win solar,1
hour solar,1
duration energy,1
forum energy,1
buy carbon,1
electric automobile,1
facility electricity,1
power rest,1
resiliency electric,1
additional carbon,1
choice utility,1
energy design,1
establish power,1
power public,1
run electric,1
potential electric,1
power pipeline,1
leader nuclear,1
power operator,1
wholesale generation,1
generation outside,1
building transportation,1
minimize fuel,1
gigawatt contract,1
moment energy,1
operation electric,1
agency national,1
visibility rule,1
award california,1
friendly fuel,1
include pennsylvania,1
social policy,1
supply affordable,1
broadly group,1
environment practice,1
rule couple,1
apply considerable,1
publish sustainability,1
request federal,1
role promote,1
solution nation,1
care efficient,1
offer rebate,1
product environmentally,1
energy ensure,1
favor fuel,1
practice energy,1
india substantial,1
chile total,1
category convenience,1
act remain,1
growth importance,1
operate wholesale,1
brazil national,1
central chile,1
cool cost,1
fan air,1
goal power,1
drive clean,1
proposal seek,1
resolution approve,1
farm provide,1
supply dry,1
hour relative,1
supply renewable,1
solution utility,1
management automotive,1
star certification,1
injection natural,1
power equivalent,1
content diesel,1
capacity carbon,1
compare henry,1
vehicle lithium,1
consumption facility,1
government ongoing,1
performance lithium,1
locate northeastern,1
film lithium,1
oil global,1
clean gasoline,1
picture gas,1
gas finish,1
strength environmental,1
wind wave,1
competition coal,1
construction installation,1
weight liquid,1
australia energy,1
industrial need,1
abundant affordable,1
scale water,1
climate know,1
diesel meet,1
feedstock natural,1
advance selective,1
significantly energy,1
annum new,1
energy approval,1
tight energy,1
integration fuel,1
maximize fuel,1
farm brazil,1
remote community,1
scrubber equip,1
carbonate fuel,1
energy party,1
energy understand,1
global decarbonization,1
example carbon,1
government accelerate,1
tax carbon,1
carbon abatement,1
energy estimate,1
substitute coal,1
solution wind,1
market air,1
fair energy,1
friendly power,1
bring emission,1
carbon carbon,1
challenge emission,1
energy region,1
grow clean,1
insight energy,1
history energy,1
electric frac,1
automotive wind,1
emission high,1
expand waste,1
cost environmentally,1
pay carbon,1
anode material,1
application automobile,1
power heat,1
coal lng,1
future hydrogen,1
recognize fuel,1
choose energy,1
compete source,1
invest green,1
transit water,1
