doc,half1,half2
BA_2007Q2,0.0,0.0
BA_2007Q3,0.0,0.0
BA_2007Q4,0.0009930486593843098,0.0
BA_2008Q1,0.0012121212121212121,0.0
BA_2008Q2,0.0010126582278481013,0.0
BA_2009Q1,0.0,0.0
BA_2009Q2,0.0,0.0
BA_2009Q3,0.0,0.0
BA_2009Q4,0.0006385696040868455,0.0
BA_2010Q1,0.001049317943336831,0.0
BA_2010Q2,0.0010454783063251437,0.0
BA_2010Q4,0.0,0.0
BA_2011Q1,0.0010422094841063053,0.0
BA_2011Q2,0.000471253534401508,0.0
BA_2011Q3,0.0,0.0
BA_2011Q4,0.0011961722488038277,0.0
BA_2012Q1,0.0024937655860349127,0.0
BA_2012Q2,0.0014734774066797642,0.0
BA_2012Q3,0.0010899182561307902,0.0008064516129032258
BA_2012Q4,0.0007434944237918215,0.0013717421124828531
BA_2013Q1,0.002282236591860023,0.0013386880856760374
BA_2013Q2,0.0008396305625524769,0.0
BA_2013Q3,0.0008733624454148472,0.0
BA_2013Q4,0.0,0.0
BA_2014Q1,0.0,0.0
BA_2014Q2,0.002053388090349076,0.0
BA_2014Q3,0.0,0.0
BA_2014Q4,0.0007827788649706458,0.0018709073900841909
BA_2015Q1,0.0011587485515643105,0.0
BA_2015Q2,0.0,0.0
BA_2015Q3,0.0,0.0
BA_2015Q4,0.0003234152652005175,0.0
BA_2016Q1,0.0,0.0006720430107526882
BA_2016Q2,0.0,0.0007412898443291327
BA_2016Q3,0.0,0.0005546311702717693
BA_2016Q4,0.00032829940906106366,0.00046904315196998124
BA_2017Q1,0.0003952569169960474,0.0
BA_2017Q2,0.0,0.0
BA_2017Q3,0.0,0.0
BA_2017Q4,0.0003272251308900524,0.0
BA_2018Q1,0.0,0.0006501950585175553
BA_2018Q2,0.0,0.0
BA_2018Q3,0.0003652300949598247,0.00048756704046806434
BA_2018Q4,0.0003621876131836291,0.0
BA_2019Q1,0.0011057869517139699,0.0
BA_2019Q2,0.0,0.0
BA_2019Q3,0.0006521030322791001,0.0006381620931716656
BA_2019Q4,0.0,0.0
BA_2020Q1,0.0007074637424831977,0.0
BA_2020Q2,0.0018754688672168042,0.0005387931034482759
BA_2020Q3,0.0024263431542461003,0.0005720823798627002
BA_2020Q4,0.0038623595505617976,0.001288659793814433
BA_2021Q1,0.0012964563526361278,0.0008203445447087777
BA_2021Q2,0.0017655367231638418,0.0014194464158978
BA_2021Q3,0.0023847376788553257,0.0
BA_2021Q4,0.0034550839091806516,0.0
BA_2022Q1,0.0014360938247965534,0.0007867820613690008
BA_2022Q2,0.0,0.0
BA_2022Q3,0.0,0.0
BA_2022Q4,0.0,0.0014695077149155032
BA_2023Q1,0.0,0.001725625539257981
BA_2023Q2,0.0,0.0
BA_2023Q3,0.0004768717215069146,0.0
BA_2023Q4,0.0006195786864931846,0.0
BA_2024Q1,0.0007002801120448179,0.000945179584120983
BA_2024Q2,0.0,0.001059322033898305
BA_2024Q3,0.0,0.0
BA_2024Q4,0.0,0.0007604562737642585
CAT_2007Q1,0.001026167265264238,0.0
CAT_2007Q2,0.0,0.0
CAT_2007Q3,0.002205071664829107,0.0005875440658049354
CAT_2008Q1,0.0,0.0
CAT_2008Q2,0.0005042864346949068,0.0012674271229404308
CAT_2008Q3,0.001962708537782139,0.0
CAT_2008Q4,0.0005104645227156713,0.0
CAT_2009Q1,0.0009751340809361287,0.0006397952655150352
CAT_2009Q2,0.0006146281499692685,0.002099370188943317
CAT_2009Q3,0.0004957858205255329,0.0
CAT_2009Q4,0.0005858230814294083,0.0006075334143377885
CAT_2010Q1,0.0012953367875647669,0.0042765502494654314
CAT_2010Q2,0.0,0.0025974025974025974
CAT_2010Q3,0.0,0.0019292604501607716
CAT_2010Q4,0.0008368200836820083,0.0
CAT_2011Q1,0.001110494169905608,0.0
CAT_2011Q2,0.0008944543828264759,0.0
CAT_2011Q3,0.0,0.0
CAT_2011Q4,0.0,0.0
CAT_2012Q1,0.001095890410958904,0.00130718954248366
CAT_2012Q2,0.0016025641025641025,0.0006565988181221273
CAT_2012Q3,0.0,0.0006090133982947625
CAT_2012Q4,0.0,0.0
CAT_2013Q1,0.0006788866259334691,0.0007930214115781126
CAT_2013Q2,0.0015471892728210418,0.0
CAT_2013Q3,0.0,0.0
CAT_2013Q4,0.0011074197120708748,0.0014577259475218659
CAT_2014Q1,0.0013306719893546241,0.0033222591362126247
CAT_2014Q2,0.0011305822498586771,0.000628140703517588
CAT_2014Q3,0.002583979328165375,0.0013774104683195593
CAT_2014Q4,0.0011312217194570137,0.0
CAT_2015Q1,0.0006435006435006435,0.003404255319148936
CAT_2015Q2,0.004098360655737705,0.0007215007215007215
CAT_2015Q3,0.0017341040462427746,0.002243829468960359
CAT_2015Q4,0.0015360983102918587,0.0011363636363636363
CAT_2016Q1,0.0,0.002307692307692308
CAT_2016Q2,0.0,0.0014695077149155032
CAT_2016Q3,0.0015105740181268882,0.0010309278350515464
CAT_2016Q4,0.0006176652254478073,0.0033003300330033004
CAT_2017Q1,0.0,0.0
CAT_2017Q2,0.0004411116012351125,0.0007097232079489
CAT_2017Q3,0.0005431830526887561,0.0
CAT_2017Q4,0.0,0.0
CAT_2018Q1,0.0,0.0
CAT_2018Q2,0.0004553734061930783,0.0
CAT_2018Q3,0.00042826552462526765,0.0
CAT_2018Q4,0.0009037505648441031,0.0
CAT_2019Q1,0.0005125576627370579,0.0006729475100942127
CAT_2019Q2,0.0012942191544434857,0.0
CAT_2019Q3,0.0012815036309269544,0.0
CAT_2019Q4,0.0008485362749257531,0.0
CAT_2020Q1,0.0004526935264825713,0.0
CAT_2020Q2,0.00045495905368516835,0.0
CAT_2020Q3,0.001288659793814433,0.010955569080949483
CAT_2020Q4,0.004420866489832007,0.004046242774566474
CAT_2021Q1,0.0022182786157941437,0.0007022471910112359
CAT_2021Q2,0.0055891942244993015,0.005490196078431373
CAT_2021Q3,0.006110868616324749,0.002570694087403599
CAT_2021Q4,0.008920985556499575,0.0011547344110854503
CAT_2022Q1,0.0033291718684977114,0.004484304932735426
CAT_2022Q2,0.0005310674455655868,0.002805049088359046
CAT_2022Q3,0.0028606456885982836,0.0034965034965034965
CAT_2022Q4,0.004551820728291317,0.0010758472296933835
CAT_2023Q1,0.0031007751937984496,0.0020134228187919465
CAT_2023Q2,0.0008920606601248885,0.0028089887640449437
CAT_2023Q3,0.004751619870410367,0.0006422607578676942
CAT_2023Q4,0.0033769523005487546,0.0006246096189881324
CAT_2024Q1,0.0053608247422680414,0.003078817733990148
CAT_2024Q2,0.0036511156186612576,0.013409961685823755
CAT_2024Q3,0.004612159329140462,0.009180327868852459
CAT_2024Q4,0.0017316017316017316,0.0005151983513652757
COP_2007Q1,0.0,0.0
COP_2007Q2,0.001063264221158958,0.005649717514124294
COP_2007Q4,0.0,0.0
COP_2008Q1,0.0006397952655150352,0.0
COP_2008Q2,0.001784651992861392,0.0
COP_2008Q3,0.0005977286312014345,0.0029390154298310064
COP_2008Q4,0.0,0.0
COP_2009Q1,0.0,0.0011299435028248588
COP_2009Q2,0.0007178750897343862,0.012903225806451613
COP_2009Q3,0.0010683760683760685,0.0
COP_2009Q4,0.0,0.0
COP_2010Q1,0.0,0.0
COP_2010Q2,0.0004697040864255519,0.0
COP_2010Q3,0.0,0.0
COP_2010Q4,0.0009643201542912247,0.0
COP_2011Q1,0.0006381620931716656,0.0
COP_2011Q2,0.0006666666666666666,0.0
COP_2011Q3,0.0,0.0008291873963515755
COP_2011Q4,0.0,0.0010384215991692627
COP_2012Q1,0.0,0.0
COP_2012Q2,0.0,0.0
COP_2012Q3,0.0003863987635239567,0.0
COP_2012Q4,0.0,0.0
COP_2013Q1,0.0,0.000758150113722517
COP_2013Q2,0.0018587360594795538,0.0
COP_2013Q3,0.0,0.0
COP_2013Q4,0.0004987531172069825,0.0
COP_2014Q1,0.0013157894736842105,0.0
COP_2014Q2,0.0,0.0006191950464396285
COP_2014Q3,0.0,0.0
COP_2014Q4,0.0,0.0006451612903225806
COP_2015Q1,0.0,0.0
COP_2015Q2,0.0,0.000554016620498615
COP_2015Q3,0.0004970178926441351,0.0005640157924421884
COP_2015Q4,0.0,0.0
COP_2016Q1,0.0,0.0
COP_2016Q2,0.0010116337885685382,0.0
COP_2016Q3,0.0,0.0
COP_2016Q4,0.0,0.0
COP_2017Q1,0.0006854009595613434,0.0
COP_2017Q2,0.0,0.0
COP_2017Q3,0.0,0.0
COP_2017Q4,0.00360082304526749,0.0
COP_2018Q1,0.0,0.0007496251874062968
COP_2018Q2,0.0005122950819672131,0.0
COP_2018Q3,0.0,0.0
COP_2018Q4,0.0005970149253731343,0.0
COP_2019Q1,0.001386001386001386,0.0008403361344537816
COP_2019Q2,0.0,0.0
COP_2019Q3,0.0,0.0
COP_2019Q4,0.0,0.004306632213608958
COP_2020Q1,0.0,0.000715307582260372
COP_2020Q2,0.0,0.0
COP_2020Q3,0.0069605568445475635,0.00672782874617737
COP_2020Q4,0.00944767441860465,0.004651162790697674
COP_2021Q1,0.0012468827930174563,0.00423728813559322
COP_2021Q2,0.0,0.0
COP_2021Q3,0.0076384468491406746,0.0
COP_2021Q4,0.003536067892503536,0.005050505050505051
COP_2022Q1,0.0033085194375516956,0.010660980810234541
COP_2022Q2,0.006516587677725118,0.0014925373134328358
COP_2022Q3,0.0022484541877459247,0.0066815144766146995
COP_2022Q4,0.0038356164383561643,0.009181331293037491
COP_2023Q1,0.003883495145631068,0.0
COP_2023Q2,0.0,0.0
COP_2023Q3,0.001343183344526528,0.0
COP_2023Q4,0.00505902192242833,0.0
COP_2024Q1,0.0007558578987150416,0.0
COP_2024Q2,0.0,0.0
COP_2024Q3,0.0008583690987124463,0.0
COP_2024Q4,0.0,0.0006784260515603799
CVX_2008Q1,0.0011148272017837235,0.0
CVX_2008Q2,0.0006816632583503749,0.0007704160246533128
CVX_2008Q3,0.0,0.0
CVX_2008Q4,0.0005920663114268798,0.0016515276630883566
CVX_2009Q1,0.0,0.0008403361344537816
CVX_2009Q2,0.0,0.0
CVX_2009Q3,0.0006188118811881188,0.0
CVX_2009Q4,0.0005184033177812338,0.0006891798759476223
CVX_2010Q1,0.0011641443538998836,0.0
CVX_2010Q2,0.0010416666666666667,0.0007861635220125787
CVX_2010Q3,0.0006101281269066504,0.006813020439061317
CVX_2010Q4,0.001257071024512885,0.0007993605115907274
CVX_2011Q1,0.0011689070718877848,0.000779423226812159
CVX_2011Q2,0.0023001725129384704,0.0
CVX_2011Q3,0.0015915119363395225,0.003679175864606328
CVX_2011Q4,0.0004965243296921549,0.0008032128514056225
CVX_2012Q1,0.0007541478129713424,0.0
CVX_2012Q2,0.0006127450980392157,0.0
CVX_2012Q3,0.0015151515151515152,0.0056657223796034
CVX_2012Q4,0.0005885815185403178,0.0007704160246533128
CVX_2013Q1,0.0005665722379603399,0.000835421888053467
CVX_2013Q2,0.0010905125408942203,0.00066711140760507
CVX_2013Q3,0.003234152652005175,0.0007980845969672786
CVX_2013Q4,0.0009289363678588017,0.000612369871402327
CVX_2014Q1,0.0005165289256198347,0.0
CVX_2014Q2,0.0008756567425569177,0.0013333333333333333
CVX_2014Q3,0.001277139208173691,0.0
CVX_2014Q4,0.0,0.0
CVX_2015Q1,0.0,0.0006548788474132286
CVX_2015Q2,0.0,0.0027816411682892906
CVX_2015Q3,0.0009017132551848512,0.0006035003017501509
CVX_2015Q4,0.0004955401387512388,0.0006131207847946045
CVX_2016Q1,0.0,0.000792393026941363
CVX_2016Q2,0.0013844023996308261,0.0
CVX_2016Q3,0.0,0.0
CVX_2016Q4,0.0,0.0
CVX_2017Q1,0.0024354603019970775,0.0012578616352201257
CVX_2017Q2,0.0,0.0
CVX_2017Q3,0.0,0.002054794520547945
CVX_2017Q4,0.00055005500550055,0.0
CVX_2018Q1,0.002306805074971165,0.0007401924500370096
CVX_2018Q2,0.0006451612903225806,0.003668378576669112
CVX_2018Q3,0.0026338893766461808,0.0006770480704129993
CVX_2018Q4,0.001135718341851221,0.0
CVX_2019Q1,0.0029433406916850625,0.0007680491551459293
CVX_2019Q2,0.005235602094240838,0.008895478131949592
CVX_2019Q3,0.00819672131147541,0.0
CVX_2019Q4,0.009404388714733543,0.0058997050147492625
CVX_2020Q1,0.0014641288433382138,0.006958942240779402
CVX_2020Q2,0.012704174228675136,0.0
CVX_2020Q3,0.009594882729211088,0.020578420467185762
CVX_2020Q4,0.001837109614206981,0.009418282548476454
CVX_2021Q1,0.003766478342749529,0.013496143958868894
CVX_2021Q2,0.005501222493887531,0.02369980250164582
CVX_2021Q3,0.004229607250755287,0.011764705882352941
CVX_2021Q4,0.0025477707006369425,0.0020847810979847115
CVX_2022Q1,0.0034403669724770644,0.008567931456548347
CVX_2022Q2,0.005574136008918618,0.004799040191961607
CVX_2022Q3,0.00398406374501992,0.008714596949891068
CVX_2022Q4,0.005324813631522897,0.003257328990228013
CVX_2023Q1,0.003498542274052478,0.002191380569758948
CVX_2023Q2,0.004581151832460733,0.0051094890510948905
CVX_2023Q3,0.003071253071253071,0.002170767004341534
CVX_2023Q4,0.0037998733375554147,0.0012845215157353885
CVX_2024Q1,0.0019550342130987292,0.006958250497017893
CVX_2024Q2,0.0020463847203274215,0.002167630057803468
CVX_2024Q3,0.003329633740288568,0.0
CVX_2024Q4,0.00880853036624942,0.0013623978201634877
DUK_2008Q1,0.012464046021093002,0.0064
DUK_2008Q2,0.02540650406504065,0.010638297872340425
DUK_2008Q3,0.008283479061205707,0.02253147779986746
DUK_2008Q4,0.008342602892102336,0.0024330900243309003
DUK_2009Q1,0.024459078080903106,0.0013736263736263737
DUK_2009Q2,0.005991285403050109,0.011675824175824176
DUK_2009Q3,0.0036496350364963502,0.014778325123152709
DUK_2009Q4,0.01184956208140134,0.01218369259606373
DUK_2010Q1,0.014317180616740088,0.004248088360237893
DUK_2010Q2,0.01727447216890595,0.005785123966942148
DUK_2010Q3,0.008244994110718492,0.007390983000739098
DUK_2010Q4,0.0051440329218107,0.002789400278940028
DUK_2011Q1,0.015340364333652923,0.010371650821089023
DUK_2011Q2,0.01569620253164557,0.020512820512820513
DUK_2011Q3,0.002156721782890007,0.0
DUK_2011Q4,0.005199306759098787,0.0032310177705977385
DUK_2012Q1,0.008883953359244865,0.00984251968503937
DUK_2012Q2,0.004194128220491312,0.005555555555555556
DUK_2012Q3,0.00772573635924674,0.004611837048424289
DUK_2013Q1,0.00625,0.0032530904359141183
DUK_2013Q2,0.006644518272425249,0.002459016393442623
DUK_2013Q3,0.005203816131830009,0.0012682308180088776
DUK_2013Q4,0.008857808857808859,0.01043382756727073
DUK_2014Q1,0.007286755250750107,0.01006036217303823
DUK_2014Q2,0.014453961456102784,0.006802721088435374
DUK_2014Q3,0.01002865329512894,0.005502063273727648
DUK_2014Q4,0.011354079058031959,0.00547302580140735
DUK_2015Q1,0.00994789199431549,0.005468215994531784
DUK_2015Q2,0.013117621337997376,0.00804093567251462
DUK_2015Q3,0.01076555023923445,0.006102877070619006
DUK_2015Q4,0.00962000962000962,0.005917159763313609
DUK_2016Q1,0.011404872991187144,0.002896451846488052
DUK_2016Q2,0.01756697408871322,0.011627906976744186
DUK_2016Q3,0.022481265611990008,0.01775147928994083
DUK_2016Q4,0.025177025963808025,0.008560311284046693
DUK_2017Q1,0.021384928716904276,0.007079646017699115
DUK_2017Q2,0.02542911633820725,0.0048134777376654635
DUK_2017Q3,0.013691931540342298,0.00832639467110741
DUK_2017Q4,0.01867641088103938,0.00572655690765927
DUK_2018Q1,0.00608044901777362,0.006666666666666667
DUK_2018Q2,0.007336757153338224,0.0
DUK_2018Q3,0.012678288431061807,0.0014326647564469914
DUK_2018Q4,0.023348017621145373,0.0070921985815602835
DUK_2019Q1,0.023450586264656615,0.003714020427112349
DUK_2019Q2,0.016160626836434867,0.009302325581395349
DUK_2019Q3,0.022880915236609463,0.020618556701030927
DUK_2019Q4,0.022564102564102566,0.0019083969465648854
DUK_2020Q1,0.01017293997965412,0.0052122114668652275
DUK_2020Q2,0.008037825059101654,0.02914572864321608
DUK_2020Q3,0.021617293835068056,0.010509296685529508
DUK_2020Q4,0.031767337807606266,0.01403180542563143
DUK_2021Q1,0.029030585795749093,0.02770330652368186
DUK_2021Q2,0.04979004199160168,0.019444444444444445
DUK_2021Q3,0.030573248407643312,0.01061320754716981
DUK_2021Q4,0.029192546583850933,0.0192131747483989
DUK_2022Q1,0.003708281829419036,0.017447199265381085
DUK_2022Q2,0.02008269344359126,0.022644927536231884
DUK_2022Q3,0.014099783080260303,0.012287334593572778
DUK_2022Q4,0.013468013468013467,0.010277492291880781
DUK_2023Q1,0.009615384615384616,0.00980392156862745
DUK_2023Q2,0.018545994065281898,0.0029239766081871343
DUK_2023Q3,0.00837138508371385,0.009592326139088728
DUK_2023Q4,0.011350059737156512,0.0011806375442739079
DUK_2024Q1,0.010833333333333334,0.009966777408637873
DUK_2024Q2,0.01192368839427663,0.01348747591522158
DUK_2024Q3,0.007549361207897794,0.012207527975584944
DUK_2024Q4,0.006267409470752089,0.0040650406504065045
F_2008Q1,0.0040551500405515,0.0
F_2008Q2,0.004644515898535191,0.004996431120628123
F_2008Q4,0.011213047910295617,0.0
F_2009Q1,0.0033755274261603376,0.002171552660152009
F_2009Q2,0.0029411764705882353,0.0
F_2009Q3,0.0012953367875647669,0.0008438818565400844
F_2009Q4,0.001984126984126984,0.005235602094240838
F_2010Q1,0.008466603951081843,0.001455604075691412
F_2010Q2,0.006486486486486486,0.0
F_2010Q3,0.0007412898443291327,0.0
F_2010Q4,0.000564334085778781,0.0007147962830593281
F_2011Q1,0.0010162601626016261,0.001890359168241966
F_2011Q2,0.0008976660682226212,0.004932182490752158
F_2011Q3,0.0006798096532970768,0.0
F_2011Q4,0.00035829451809387314,0.000564652738565782
F_2012Q1,0.0,0.0
F_2012Q2,0.007633587786259542,0.024793388429752067
F_2012Q3,0.0008791208791208791,0.0011947431302270011
F_2013Q1,0.0022114108801415304,0.0011661807580174927
F_2013Q2,0.0035971223021582736,0.0
F_2013Q3,0.002796644027167399,0.0015527950310559005
F_2013Q4,0.0008984725965858042,0.0018281535648994515
F_2014Q1,0.008287292817679558,0.0
F_2014Q2,0.0004063388866314506,0.0011198208286674132
F_2014Q3,0.0005485463521667581,0.0030193236714975845
F_2014Q4,0.001080691642651297,0.0025364616360177552
F_2015Q1,0.0009157509157509158,0.0006485084306095979
F_2015Q2,0.0014326647564469914,0.0
F_2015Q3,0.0,0.00234192037470726
F_2015Q4,0.001415762151958471,0.0
F_2016Q1,0.0,0.0005847953216374269
F_2016Q2,0.0,0.0
F_2016Q3,0.002304147465437788,0.0006561679790026247
F_2016Q4,0.0032414910858995136,0.0
F_2017Q1,0.0037593984962406013,0.0016611295681063123
F_2017Q2,0.0004885197850512946,0.0009915716410510659
F_2017Q3,0.0017045454545454545,0.0019933554817275745
F_2017Q4,0.0034482758620689655,0.0034904013961605585
F_2018Q1,0.012389380530973451,0.0009099181073703367
F_2018Q2,0.004005340453938585,0.0006784260515603799
F_2018Q3,0.007515473032714412,0.0007836990595611285
F_2018Q4,0.005717552887364208,0.004213483146067416
F_2019Q1,0.0013824884792626728,0.004517221908526256
F_2019Q2,0.0065252854812398045,0.0009389671361502347
F_2019Q3,0.004072398190045249,0.008150470219435737
F_2019Q4,0.008821170809943865,0.0018645121193287756
F_2020Q1,0.002592016588906169,0.0
F_2020Q2,0.008710801393728223,0.0017678255745433118
F_2020Q3,0.007518796992481203,0.012594458438287154
F_2020Q4,0.016563146997929608,0.010606060606060607
F_2021Q1,0.00980872976949485,0.003355704697986577
F_2021Q2,0.00881057268722467,0.010030090270812437
F_2021Q3,0.014616321559074299,0.0013698630136986301
F_2021Q4,0.007959067652075043,0.008239700374531835
F_2022Q1,0.007272727272727273,0.0029006526468455403
F_2022Q2,0.004329004329004329,0.003527336860670194
F_2022Q3,0.011078286558345642,0.002185792349726776
F_2022Q4,0.0016116035455278,0.0041876046901172526
F_2023Q1,0.005027652086475616,0.0045662100456621
F_2023Q2,0.005611672278338945,0.011914893617021277
F_2023Q3,0.007670182166826462,0.004888268156424581
F_2023Q4,0.0014295925661186562,0.006269592476489028
F_2024Q1,0.005244755244755245,0.006396588486140725
F_2024Q2,0.008784773060029283,0.006111535523300229
F_2024Q3,0.00435052827843381,0.0036443148688046646
F_2024Q4,0.004246284501061571,0.012491325468424705
GM_2007Q1,0.0,0.0
GM_2007Q2,0.0,0.0
GM_2007Q3,0.0,0.0
GM_2008Q1,0.0,0.0
GM_2008Q3,0.005961251862891207,0.0018552875695732839
GM_2008Q4,0.0036997885835095136,0.0008340283569641367
GM_2011Q2,0.0013845621322256837,0.0005291005291005291
GM_2011Q3,0.004470938897168405,0.0011111111111111111
GM_2011Q4,0.0006459948320413437,0.0015822784810126582
GM_2012Q1,0.0013146362839614374,0.0
GM_2012Q2,0.00043782837127845885,0.0006480881399870382
GM_2012Q3,0.00041946308724832214,0.0
GM_2012Q4,0.0003946329913180742,0.000517063081695967
GM_2013Q1,0.0,0.0
GM_2013Q2,0.0016034206306787815,0.0
GM_2013Q3,0.0005817335660267597,0.0
GM_2013Q4,0.0003549875754348598,0.0009699321047526673
GM_2014Q1,0.0020177562550443904,0.0016411378555798686
GM_2014Q2,0.0013477088948787063,0.0006142506142506142
GM_2014Q3,0.0009153318077803204,0.0
GM_2014Q4,0.0013134851138353765,0.0005506607929515419
GM_2015Q1,0.0020898641588296763,0.0
GM_2015Q2,0.0010065425264217413,0.0016638935108153079
GM_2015Q3,0.001095290251916758,0.0006854009595613434
GM_2015Q4,0.0019636720667648502,0.0
GM_2016Q1,0.003582089552238806,0.007262164124909223
GM_2016Q2,0.0014698677119059284,0.006155950752393981
GM_2016Q3,0.0018441678192715537,0.00835820895522388
GM_2016Q4,0.0023408239700374533,0.004018369690011481
GM_2017Q1,0.013020833333333334,0.005131128848346636
GM_2017Q2,0.00576241134751773,0.012867647058823529
GM_2017Q3,0.005243838489774515,0.0015278838808250573
GM_2017Q4,0.0017969451931716084,0.000612369871402327
GM_2018Q1,0.002551020408163265,0.007836045810729355
GM_2018Q2,0.00246669955599408,0.0017657445556209534
GM_2018Q3,0.0029655990510083037,0.00398406374501992
GM_2018Q4,0.006109979633401222,0.002051983584131327
GM_2019Q1,0.004121586810922205,0.0
GM_2019Q2,0.00409626216077829,0.008645533141210375
GM_2019Q3,0.006520726595249185,0.0062678062678062675
GM_2019Q4,0.004733727810650888,0.007566204287515763
GM_2020Q1,0.0008992805755395684,0.006872852233676976
GM_2020Q2,0.003931847968545216,0.004907306434023991
GM_2020Q3,0.010714285714285714,0.011435105774728416
GM_2020Q4,0.008733624454148471,0.006741573033707865
GM_2021Q1,0.007039644312708411,0.009079903147699757
GM_2021Q2,0.006666666666666667,0.0035885167464114833
GM_2021Q3,0.0036363636363636364,0.0012368583797155227
GM_2021Q4,0.004180602006688963,0.005245901639344262
GM_2022Q1,0.004782608695652174,0.0056461731493099125
GM_2022Q2,0.00741962077493817,0.0018963337547408343
GM_2022Q3,0.00761743546339399,0.0021201413427561835
GM_2022Q4,0.005191693290734824,0.0028530670470756064
GM_2023Q1,0.005,0.013613861386138614
GM_2023Q2,0.004878048780487805,0.0030883261272390363
GM_2023Q3,0.005641748942172073,0.0033783783783783786
GM_2023Q4,0.0049504950495049506,0.008075370121130552
GM_2024Q1,0.007640449438202248,0.01054713249835201
GM_2024Q2,0.00720949957591179,0.005901639344262295
GM_2024Q3,0.0018682858477347033,0.0069269521410579345
GM_2024Q4,0.003098716246126605,0.008153756552125802
JPM_2007Q3,0.0,0.0
JPM_2008Q1,0.0,0.0
JPM_2008Q2,0.0,0.0
JPM_2008Q3,0.0,0.0
JPM_2008Q4,0.0,0.0
JPM_2009Q1,0.0,0.0008149959250203749
JPM_2009Q2,0.0,0.0
JPM_2009Q3,0.0,0.0
JPM_2009Q4,0.0,0.0007930214115781126
JPM_2010Q1,0.0,0.0
JPM_2010Q2,0.0004616805170821791,0.0
JPM_2010Q3,0.0,0.0
JPM_2010Q4,0.0,0.0005184033177812338
JPM_2011Q1,0.0,0.0
JPM_2011Q2,0.0,0.0
JPM_2011Q3,0.0,0.0005871990604815032
JPM_2011Q4,0.0,0.0
JPM_2012Q1,0.0,0.0
JPM_2012Q2,0.0006188118811881188,0.0
JPM_2012Q3,0.0,0.0
JPM_2012Q4,0.0,0.0
JPM_2013Q1,0.0,0.0
JPM_2013Q2,0.0,0.0
JPM_2013Q3,0.0,0.0
JPM_2013Q4,0.0,0.0
JPM_2014Q1,0.0,0.0
JPM_2014Q2,0.0,0.000493339911198816
JPM_2014Q4,0.0004472271914132379,0.0005461496450027307
JPM_2015Q1,0.0,0.0021008403361344537
JPM_2015Q2,0.0,0.0
JPM_2015Q3,0.0,0.0
JPM_2015Q4,0.00045004500450045,0.0
JPM_2016Q1,0.0011248593925759281,0.0033783783783783786
JPM_2016Q2,0.0004716981132075472,0.0
JPM_2016Q3,0.0,0.0
JPM_2016Q4,0.0,0.00045578851412944393
JPM_2017Q1,0.0,0.0
JPM_2017Q2,0.0,0.0011689070718877848
JPM_2017Q3,0.0,0.0016675931072818232
JPM_2017Q4,0.00044742729306487697,0.0
JPM_2018Q1,0.0,0.0
JPM_2018Q2,0.0,0.000859106529209622
JPM_2018Q3,0.0,0.0
JPM_2018Q4,0.0,0.0
JPM_2019Q1,0.00044662795891022776,0.0005714285714285715
JPM_2019Q2,0.0,0.0
JPM_2019Q3,0.0,0.0
JPM_2019Q4,0.0,0.002523128679562658
JPM_2020Q1,0.0,0.0
JPM_2020Q2,0.0,0.00078003120124805
JPM_2020Q3,0.000502008032128514,0.0
JPM_2020Q4,0.0007454342154304882,0.0006138735420503376
JPM_2021Q1,0.0009128251939753537,0.0013157894736842105
JPM_2021Q2,0.0,0.0
JPM_2021Q3,0.0,0.0
JPM_2021Q4,0.0003992015968063872,0.0
JPM_2022Q1,0.0011179429849077697,0.0
JPM_2022Q2,0.0,0.0007042253521126761
JPM_2022Q3,0.0,0.0
JPM_2022Q4,0.0,0.0
JPM_2023Q1,0.0,0.000851063829787234
JPM_2023Q2,0.0009272137227630969,0.0
JPM_2023Q3,0.000997506234413965,0.0006086427267194157
JPM_2023Q4,0.000574052812858783,0.0
JPM_2024Q1,0.0,0.0
JPM_2024Q2,0.0,0.0
JPM_2024Q3,0.0,0.0006056935190793458
JPM_2024Q4,0.0,0.0
KO_2022Q1,0.0,0.0007434944237918215
KO_2022Q2,0.0014985014985014985,0.0
KO_2022Q3,0.0,0.0
KO_2022Q4,0.0023934897079942556,0.0022727272727272726
KO_2023Q1,0.0,0.0
KO_2023Q2,0.0,0.0
KO_2023Q3,0.00322061191626409,0.0
KO_2023Q4,0.0,0.0012106537530266344
KO_2024Q1,0.0,0.0
KO_2024Q2,0.0005099439061703213,0.0006901311249137336
KO_2024Q3,0.001017293997965412,0.0
KO_2024Q4,0.0,0.001838235294117647
MSFT_2007Q1,0.0,0.0
MSFT_2007Q2,0.0,0.0
MSFT_2007Q3,0.0,0.0007062146892655367
MSFT_2007Q4,0.0004496402877697842,0.0
MSFT_2008Q1,0.0,0.0
MSFT_2008Q2,0.0,0.0006086427267194157
MSFT_2008Q3,0.0,0.0
MSFT_2008Q4,0.0,0.0
MSFT_2009Q1,0.0,0.0
MSFT_2009Q2,0.0,0.0
MSFT_2009Q3,0.0,0.0
MSFT_2009Q4,0.0,0.0
MSFT_2010Q1,0.0,0.0
MSFT_2010Q2,0.0,0.0
MSFT_2010Q3,0.0,0.0
MSFT_2010Q4,0.0,0.0
MSFT_2011Q1,0.0,0.0
MSFT_2011Q2,0.0,0.0
MSFT_2011Q3,0.0,0.0
MSFT_2011Q4,0.0,0.0009718172983479105
MSFT_2012Q1,0.0,0.0
MSFT_2012Q2,0.0,0.0
MSFT_2012Q3,0.0,0.0
MSFT_2012Q4,0.0,0.0
MSFT_2013Q1,0.0,0.0
MSFT_2013Q2,0.0,0.0
MSFT_2013Q3,0.0,0.0
MSFT_2013Q4,0.0,0.0
MSFT_2014Q1,0.0,0.0
MSFT_2014Q2,0.0,0.0
MSFT_2014Q3,0.0005945303210463733,0.0
MSFT_2014Q4,0.0004725897920604915,0.0
MSFT_2015Q1,0.0,0.0008710801393728223
MSFT_2015Q2,0.0004847309743092584,0.0
MSFT_2015Q3,0.0,0.000591715976331361
MSFT_2015Q4,0.0,0.0
MSFT_2016Q1,0.0,0.0
MSFT_2016Q2,0.0,0.0
MSFT_2016Q3,0.0,0.0
MSFT_2016Q4,0.0,0.0
MSFT_2017Q1,0.000474158368895211,0.0
MSFT_2017Q2,0.0,0.0
MSFT_2017Q3,0.0,0.0
MSFT_2017Q4,0.0,0.0
MSFT_2018Q1,0.00035778175313059033,0.0
MSFT_2018Q2,0.0,0.0
MSFT_2018Q3,0.0,0.0
MSFT_2018Q4,0.0,0.0006920415224913495
MSFT_2019Q1,0.00046446818392940084,0.0
MSFT_2019Q2,0.0010245901639344263,0.000683526999316473
MSFT_2019Q3,0.0,0.0006514657980456026
MSFT_2019Q4,0.0,0.0007936507936507937
MSFT_2020Q1,0.0,0.0
MSFT_2020Q2,0.001784121320249777,0.0
MSFT_2020Q3,0.0,0.0
MSFT_2020Q4,0.0007902015013828526,0.0
MSFT_2021Q1,0.0012875536480686696,0.0006161429451632779
MSFT_2021Q2,0.0,0.0005844535359438924
MSFT_2021Q3,0.0,0.0007468259895444362
MSFT_2021Q4,0.0008745080891998251,0.0
MSFT_2022Q1,0.0,0.0
MSFT_2022Q2,0.0020798668885191347,0.0
MSFT_2022Q3,0.0007410151908114116,0.0
MSFT_2022Q4,0.0013175230566534915,0.0005268703898840885
MSFT_2023Q1,0.001066477070742979,0.002214022140221402
MSFT_2023Q2,0.00043725404459991256,0.0
MSFT_2023Q3,0.0007927070947284979,0.0
MSFT_2023Q4,0.0008061265618702137,0.0
MSFT_2024Q1,0.0004110152075626798,0.0
MSFT_2024Q2,0.0003705075954057058,0.0
MSFT_2024Q3,0.0,0.0
MSFT_2024Q4,0.00038684719535783365,0.0
NEE_2010Q2,0.028609154929577465,0.01291638341264446
NEE_2010Q4,0.022559171597633137,0.017188459177409455
NEE_2011Q1,0.04528535980148883,0.011148272017837236
NEE_2011Q2,0.02490096208262592,0.007136485280999108
NEE_2011Q3,0.01717171717171717,0.015199493350221659
NEE_2011Q4,0.015845824411134905,0.017543859649122806
NEE_2012Q1,0.013658536585365854,0.004173622704507512
NEE_2012Q2,0.01612115290669272,0.0043821209465381246
NEE_2012Q3,0.01098901098901099,0.00702576112412178
NEE_2012Q4,0.014766201804757998,0.008287292817679558
NEE_2013Q1,0.016553067185978577,0.010434782608695653
NEE_2013Q2,0.00818926296633303,0.010189228529839884
NEE_2013Q3,0.009161704076958314,0.0023219814241486067
NEE_2013Q4,0.010169491525423728,0.011420413990007138
NEE_2014Q1,0.009982384028185555,0.018418201516793065
NEE_2014Q2,0.005109150023223409,0.010093167701863354
NEE_2014Q3,0.010984699882306787,0.008368200836820083
NEE_2014Q4,0.011374407582938388,0.016541353383458645
NEE_2015Q1,0.01351922264469793,0.008914100486223663
NEE_2015Q2,0.01309880239520958,0.00785498489425982
NEE_2015Q3,0.020791683326669332,0.01061410159211524
NEE_2015Q4,0.01637967240655187,0.01570996978851964
NEE_2016Q1,0.02367109634551495,0.008307372793354102
NEE_2016Q2,0.0177027583367641,0.005703422053231939
NEE_2016Q3,0.017722640673460344,0.011670313639679067
NEE_2016Q4,0.014355874574990555,0.014945652173913044
NEE_2017Q1,0.01792524790236461,0.015734265734265736
NEE_2017Q2,0.01765650080256822,0.01498751040799334
NEE_2017Q3,0.01706374758531874,0.02442635085122132
NEE_2017Q4,0.019307832422586522,0.007733952049497293
NEE_2018Q1,0.021204089360090876,0.018898931799506986
NEE_2018Q2,0.020776166209329674,0.014773776546629732
NEE_2018Q3,0.016786570743405275,0.03361344537815126
NEE_2018Q4,0.018225276366895728,0.019867549668874173
NEE_2019Q1,0.019135093761959432,0.006044905008635579
NEE_2019Q2,0.01098901098901099,0.010638297872340425
NEE_2019Q3,0.011789924973204717,0.012328767123287671
NEE_2019Q4,0.01849796522382538,0.006413682522715126
NEE_2020Q1,0.02356469580119966,0.008341511285574092
NEE_2020Q2,0.02631578947368421,0.022916666666666665
NEE_2020Q3,0.016845878136200716,0.022453889334402566
NEE_2020Q4,0.027699265121537593,0.013566986998304126
NEE_2021Q1,0.032504012841091494,0.019438444924406047
NEE_2021Q2,0.020124405415294547,0.013679890560875513
NEE_2021Q3,0.020233463035019456,0.02
NEE_2021Q4,0.026490066225165563,0.01571338780641106
NEE_2022Q1,0.02947443181818182,0.013953488372093023
NEE_2022Q2,0.017857142857142856,0.013145539906103286
NEE_2022Q3,0.026737967914438502,0.03646677471636953
NEE_2022Q4,0.028835489833641405,0.014654161781946073
NEE_2023Q1,0.021764477263894286,0.014084507042253521
NEE_2023Q2,0.0194889562581204,0.014206787687450671
NEE_2023Q3,0.018598615916955018,0.011529592621060722
NEE_2023Q4,0.0199907019990702,0.01021209740769835
NEE_2024Q1,0.025794564716720404,0.011955593509820665
NEE_2024Q2,0.01763584366062917,0.024915824915824916
NEE_2024Q3,0.01959869342043864,0.01788756388415673
NEE_2024Q4,0.019591496456857024,0.006044905008635579
OXY_2007Q2,0.0006587615283267457,0.0
OXY_2007Q3,0.0007434944237918215,0.0
OXY_2007Q4,0.0,0.002105263157894737
OXY_2008Q1,0.0,0.0
OXY_2008Q2,0.0004636068613815484,0.0009813542688910696
OXY_2008Q3,0.0,0.0
OXY_2008Q4,0.0,0.0012077294685990338
OXY_2009Q1,0.0,0.0
OXY_2009Q2,0.0011862396204033216,0.001218026796589525
OXY_2009Q3,0.0,0.0
OXY_2009Q4,0.0005307855626326964,0.0
OXY_2010Q1,0.0,0.0
OXY_2010Q2,0.0008673026886383347,0.0014265335235378032
OXY_2010Q3,0.0,0.001314060446780552
OXY_2010Q4,0.0,0.0010030090270812437
OXY_2011Q1,0.0007251631617113851,0.0
PFE_2022Q1,0.0,0.0
PFE_2022Q2,0.0009093664746892998,0.0
PFE_2022Q3,0.0,0.0
PFE_2022Q4,0.00036403349108117945,0.0
PFE_2023Q1,0.0,0.0
PFE_2023Q2,0.00040290088638195,0.0
PFE_2023Q3,0.0004426737494466578,0.0
PFE_2023Q4,0.0004020908725371934,0.0011876484560570072
PFE_2024Q1,0.0,0.0
PFE_2024Q2,0.0,0.0
PFE_2024Q3,0.0,0.0
PFE_2024Q4,0.0,0.0
UNH_2022Q1,0.0,0.0
UNH_2022Q2,0.0005350454788657035,0.0007199424046076314
UNH_2022Q3,0.0004972650422675286,0.0
UNH_2022Q4,0.0,0.0006501950585175553
UNH_2023Q1,0.0,0.0
UNH_2023Q2,0.0,0.0
UNH_2023Q3,0.0,0.0007716049382716049
UNH_2023Q4,0.0,0.0
UNH_2024Q1,0.0,0.0
UNH_2024Q2,0.0,0.0
UNH_2024Q3,0.0,0.0
UNH_2024Q4,0.0004623208506703652,0.0007052186177715092
WMT_2007Q1,0.0007037297677691766,0.0
WMT_2007Q2,0.0,0.0
WMT_2007Q3,0.0008237232289950577,0.0
WMT_2007Q4,0.0007468259895444362,0.0
WMT_2022Q1,0.0036019810895992796,0.0006406149903907751
WMT_2022Q2,0.002315886984715146,0.0006377551020408163
WMT_2022Q3,0.001379310344827586,0.0
WMT_2022Q4,0.0008329862557267805,0.0012070006035003018
WMT_2023Q1,0.0,0.0
WMT_2023Q2,0.0,0.0
WMT_2023Q3,0.0,0.0
WMT_2023Q4,0.0,0.0
WMT_2024Q1,0.0004878048780487805,0.0
WMT_2024Q2,0.0007601672367920942,0.0
WMT_2024Q3,0.00045871559633027525,0.0
WMT_2024Q4,0.0007686395080707148,0.0
XOM_2005Q3,0.0015432098765432098,0.0
XOM_2006Q1,0.004132231404958678,0.00202020202020202
XOM_2006Q2,0.006765067650676507,0.0
XOM_2006Q3,0.001976284584980237,0.0
XOM_2006Q4,0.0017751479289940828,0.0
XOM_2007Q1,0.0,0.0
XOM_2007Q2,0.003105590062111801,0.0009970089730807576
XOM_2007Q3,0.0,0.0
XOM_2007Q4,0.00361794500723589,0.001443001443001443
XOM_2008Q1,0.0010604453870625664,0.0
XOM_2008Q2,0.002733734281027884,0.0
XOM_2008Q3,0.0005711022272986865,0.0
XOM_2008Q4,0.008029647930821495,0.0
XOM_2009Q1,0.0048543689320388345,0.000784313725490196
XOM_2009Q2,0.0028835063437139563,0.0
XOM_2009Q3,0.0,0.0008718395815170009
XOM_2009Q4,0.0033931168201648087,0.0007396449704142012
XOM_2010Q1,0.005016722408026756,0.0
XOM_2010Q3,0.0004945598417408506,0.0
XOM_2010Q4,0.0021303792074989347,0.0027303754266211604
XOM_2011Q1,0.0,0.0
XOM_2011Q2,0.0005205622071837585,0.0006464124111182935
XOM_2011Q3,0.0004962779156327543,0.0
XOM_2011Q4,0.002292263610315186,0.0016792611251049538
XOM_2012Q1,0.0023969319271332696,0.0
XOM_2012Q2,0.0004743833017077799,0.0006939625260235947
XOM_2012Q3,0.0014381591562799617,0.0
XOM_2012Q4,0.0005257623554153522,0.0013097576948264572
XOM_2013Q1,0.0018248175182481751,0.0
XOM_2013Q2,0.002626970227670753,0.0006476683937823834
XOM_2013Q3,0.0014326647564469914,0.003395585738539898
XOM_2013Q4,0.0021470746108427268,0.0021660649819494585
XOM_2014Q1,0.0009107468123861566,0.0
XOM_2014Q2,0.0027114967462039045,0.0006161429451632779
XOM_2014Q3,0.0008833922261484099,0.0005640157924421884
XOM_2014Q4,0.00038138825324180017,0.0006317119393556538
XOM_2015Q1,0.0019193857965451055,0.0
XOM_2015Q2,0.0009174311926605505,0.0014619883040935672
XOM_2015Q3,0.00041684035014589413,0.0022358859698155395
XOM_2015Q4,0.0,0.0
XOM_2016Q1,0.0016835016835016834,0.0016339869281045752
XOM_2016Q2,0.001323918799646955,0.002664890073284477
XOM_2016Q3,0.0,0.000585480093676815
XOM_2016Q4,0.0,0.0022123893805309734
XOM_2017Q1,0.0011723329425556857,0.0008539709649871904
XOM_2017Q2,0.0003386386725364037,0.0009910802775024777
XOM_2017Q3,0.00035236081747709656,0.000462962962962963
XOM_2017Q4,0.0,0.0009161704076958314
XOM_2018Q1,0.0008316008316008316,0.0011997600479904018
XOM_2018Q2,0.0,0.0
XOM_2018Q3,0.001314060446780552,0.001326259946949602
XOM_2018Q4,0.0,0.0
XOM_2019Q1,0.0003957261574990107,0.0
XOM_2019Q2,0.0,0.0
XOM_2019Q3,0.0036382536382536385,0.002150537634408602
XOM_2019Q4,0.0029154518950437317,0.0007530120481927711
XOM_2020Q1,0.0013767783386874712,0.0
XOM_2020Q2,0.0012881064834693002,0.0006825938566552901
XOM_2020Q3,0.0011303692539562924,0.005813953488372093
XOM_2020Q4,0.015107913669064749,0.006597031335898846
XOM_2021Q1,0.007819287576020852,0.0018094089264173703
XOM_2021Q2,0.008727272727272728,0.004375303840544483
XOM_2021Q3,0.005555555555555556,0.006909547738693468
XOM_2021Q4,0.005356186395286556,0.001800720288115246
XOM_2022Q1,0.002365464222353637,0.0024554941682013503
XOM_2022Q2,0.007462686567164179,0.012607830126078301
XOM_2022Q3,0.005555555555555556,0.001314060446780552
XOM_2022Q4,0.010186757215619695,0.0022058823529411764
XOM_2023Q1,0.008264462809917356,0.0
XOM_2023Q2,0.004830917874396135,0.003472222222222222
XOM_2023Q3,0.002352941176470588,0.0053699284009546535
XOM_2023Q4,0.0030637254901960784,0.005718370264474625
XOM_2024Q1,0.01358695652173913,0.0005955926146515784
XOM_2024Q2,0.009102730819245773,0.0034554250172771253
XOM_2024Q3,0.009917355371900827,0.0
XOM_2024Q4,0.004714510214772132,0.0037998733375554147
XOM_2025Q1,0.0018159806295399517,0.0038510911424903724
XOM_2025Q2,0.003232062055591467,0.0035137034434293743
XOM_2025Q3,0.003424657534246575,0.0034411562284927736
XOM_2025Q4,0.0015592515592515593,0.006254343293954135
