symbol,isin,quarter,status,words,note
XOM,US30231G1022,2024Q1,ok,6224,4 turns
XOM,US30231G1022,2024Q2,ok,7287,62 turns
XOM,US30231G1022,2024Q3,ok,9233,70 turns
XOM,US30231G1022,2024Q4,ok,9090,59 turns
CVX,US1667641005,2024Q1,ok,4671,55 turns
CVX,US1667641005,2024Q2,ok,7166,59 turns
CVX,US1667641005,2024Q3,ok,9185,45 turns
CVX,US1667641005,2024Q4,ok,9116,72 turns
NEE,US65339F1012,2024Q1,ok,7564,40 turns
NEE,US65339F1012,2024Q2,ok,8556,53 turns
NEE,US65339F1012,2024Q3,ok,7681,46 turns
NEE,US65339F1012,2024Q4,ok,8083,55 turns
DUK,US26441C2044,2024Q1,ok,4992,44 turns
DUK,US26441C2044,2024Q2,ok,5479,47 turns
DUK,US26441C2044,2024Q3,ok,6412,81 turns
DUK,US26441C2044,2024Q4,ok,6439,79 turns
GM,US37045V1008,2024Q1,ok,8993,76 turns
GM,US37045V1008,2024Q2,fail,0,We have detected your API key as CZEB4KD0UEE9XUCY and our standard API rate limit is 25 requests per day. Please subscri
XOM,US30231G1022,2022Q1,fail,0,We have detected your API key as CZEB4KD0UEE9XUCY and our standard API rate limit is 25 requests per
XOM,US30231G1022,2022Q1,fail,0,all AV keys exhausted
XOM,US30231G1022,2022Q1,ok,8023,61 turns
XOM,US30231G1022,2022Q4,ok,7245,78 turns
XOM,US30231G1022,2023Q3,ok,8276,74 turns
CVX,US1667641005,2022Q2,ok,9480,85 turns
CVX,US1667641005,2023Q1,ok,7959,89 turns
CVX,US1667641005,2023Q4,ok,8035,52 turns
NEE,US65339F1012,2022Q3,ok,7745,43 turns
NEE,US65339F1012,2023Q2,ok,8309,47 turns
DUK,US26441C2044,2022Q1,ok,6882,112 turns
DUK,US26441C2044,2022Q4,ok,5842,55 turns
DUK,US26441C2044,2023Q3,ok,4787,35 turns
GM,US37045V1008,2022Q2,ok,10526,93 turns
GM,US37045V1008,2023Q1,ok,8793,61 turns
GM,US37045V1008,2023Q4,ok,8488,50 turns
GM,US37045V1008,2024Q4,ok,9127,45 turns
F,US3453708600,2022Q3,ok,5043,40 turns
F,US3453708600,2023Q2,ok,7203,34 turns
F,US3453708600,2024Q1,ok,4694,37 turns
F,US3453708600,2024Q4,ok,7825,57 turns
CAT,US1491231015,2022Q3,ok,8840,104 turns
CAT,US1491231015,2023Q2,ok,4049,24 turns
CAT,US1491231015,2024Q1,ok,9072,56 turns
CAT,US1491231015,2024Q4,ok,9197,61 turns
BA,US0970231058,2022Q3,ok,6608,61 turns
BA,US0970231058,2023Q2,ok,7840,85 turns
BA,US0970231058,2024Q1,ok,5985,31 turns
BA,US0970231058,2024Q4,ok,8495,79 turns
JPM,US46625H1005,2022Q3,ok,6781,75 turns
JPM,US46625H1005,2023Q2,ok,9064,100 turns
JPM,US46625H1005,2024Q1,ok,8703,64 turns
JPM,US46625H1005,2024Q4,ok,6456,63 turns
MSFT,US5949181045,2022Q3,ok,9147,60 turns
MSFT,US5949181045,2023Q2,ok,8302,41 turns
MSFT,US5949181045,2024Q1,ok,7653,51 turns
MSFT,US5949181045,2024Q4,ok,8306,51 turns
WMT,US9311421039,2022Q3,ok,9075,63 turns
WMT,US9311421039,2023Q2,ok,9243,70 turns
WMT,US9311421039,2024Q1,ok,7036,52 turns
WMT,US9311421039,2024Q4,ok,10017,49 turns
PFE,US7170811035,2022Q3,ok,9511,72 turns
PFE,US7170811035,2023Q2,ok,8855,57 turns
PFE,US7170811035,2024Q1,ok,6334,54 turns
PFE,US7170811035,2024Q4,ok,9412,90 turns
KO,US1912161007,2022Q3,ok,2282,24 turns
KO,US1912161007,2023Q2,ok,7606,50 turns
KO,US1912161007,2024Q1,ok,7361,55 turns
KO,US1912161007,2024Q4,ok,2634,53 turns
UNH,US91324P1021,2022Q3,ok,7688,50 turns
UNH,US91324P1021,2023Q2,ok,6470,51 turns
UNH,US91324P1021,2024Q1,ok,8897,83 turns
UNH,US91324P1021,2024Q4,ok,8697,53 turns
XOM,US30231G1022,2022Q2,fail,0,Thank you for using Alpha Vantage! Please consider spreading out your free API requests more sparing
XOM,US30231G1022,2023Q2,ok,8127,98 turns
CVX,US1667641005,2022Q3,ok,7723,60 turns
CVX,US1667641005,2023Q3,ok,8473,94 turns
NEE,US65339F1012,2022Q4,ok,8884,37 turns
NEE,US65339F1012,2023Q4,ok,7370,31 turns
DUK,US26441C2044,2023Q1,ok,4584,56 turns
GM,US37045V1008,2022Q1,ok,9634,75 turns
GM,US37045V1008,2023Q2,ok,9942,63 turns
GM,US37045V1008,2024Q2,ok,9286,72 turns
F,US3453708600,2022Q1,ok,8377,92 turns
F,US3453708600,2022Q4,ok,5952,23 turns
F,US3453708600,2023Q3,ok,8834,37 turns
F,US3453708600,2024Q2,ok,7679,42 turns
CAT,US1491231015,2022Q1,fail,0,Thank you for using Alpha Vantage! Please consider spreading out your free API requests more sparing
CAT,US1491231015,2022Q4,ok,10281,51 turns
CAT,US1491231015,2023Q3,ok,8384,64 turns
CAT,US1491231015,2024Q2,ok,9050,65 turns
BA,US0970231058,2022Q1,ok,8774,68 turns
BA,US0970231058,2022Q4,ok,8033,65 turns
BA,US0970231058,2023Q3,ok,8681,65 turns
BA,US0970231058,2024Q2,ok,7049,60 turns
JPM,US46625H1005,2022Q1,ok,7872,90 turns
JPM,US46625H1005,2022Q4,ok,9494,84 turns
JPM,US46625H1005,2023Q3,fail,0,Thank you for using Alpha Vantage! Please consider spreading out your free API requests more sparing
JPM,US46625H1005,2024Q2,ok,7618,76 turns
MSFT,US5949181045,2022Q1,ok,7178,46 turns
MSFT,US5949181045,2022Q4,ok,8380,36 turns
MSFT,US5949181045,2023Q3,ok,8371,53 turns
MSFT,US5949181045,2024Q2,ok,8186,51 turns
WMT,US9311421039,2022Q1,ok,8936,48 turns
WMT,US9311421039,2022Q4,ok,9529,54 turns
WMT,US9311421039,2023Q3,ok,10955,58 turns
WMT,US9311421039,2024Q2,ok,10886,64 turns
PFE,US7170811035,2022Q1,ok,9640,77 turns
PFE,US7170811035,2022Q4,ok,10546,81 turns
PFE,US7170811035,2023Q3,ok,9461,77 turns
PFE,US7170811035,2024Q2,ok,7190,35 turns
KO,US1912161007,2022Q1,ok,7412,52 turns
KO,US1912161007,2022Q4,ok,7417,45 turns
KO,US1912161007,2023Q3,ok,7464,47 turns
KO,US1912161007,2024Q2,ok,8125,47 turns
UNH,US91324P1021,2022Q1,ok,8684,60 turns
UNH,US91324P1021,2022Q4,ok,7930,67 turns
UNH,US91324P1021,2023Q3,ok,7782,67 turns
UNH,US91324P1021,2024Q2,ok,7260,59 turns
XOM,US30231G1022,2022Q2,ok,8753,60 turns
XOM,US30231G1022,2023Q4,ok,7519,71 turns
CVX,US1667641005,2023Q2,ok,7501,59 turns
NEE,US65339F1012,2023Q1,ok,7479,42 turns
DUK,US26441C2044,2022Q3,ok,7161,69 turns
GM,US37045V1008,2022Q3,ok,9149,75 turns
GM,US37045V1008,2024Q3,ok,9780,84 turns
F,US3453708600,2023Q4,ok,5434,60 turns
CAT,US1491231015,2022Q2,ok,7315,58 turns
CAT,US1491231015,2024Q3,ok,8561,57 turns
BA,US0970231058,2023Q4,ok,6796,69 turns
JPM,US46625H1005,2023Q1,ok,6724,75 turns
JPM,US46625H1005,2024Q3,ok,9242,88 turns
MSFT,US5949181045,2023Q4,ok,8590,31 turns
WMT,US9311421039,2023Q1,ok,10056,77 turns
PFE,US7170811035,2022Q2,ok,11546,92 turns
PFE,US7170811035,2024Q3,ok,6410,30 turns
KO,US1912161007,2023Q4,ok,8759,52 turns
UNH,US91324P1021,2023Q1,ok,9314,58 turns
XOM,US30231G1022,2022Q3,ok,8087,59 turns
CVX,US1667641005,2022Q4,ok,8858,85 turns
NEE,US65339F1012,2023Q3,ok,8105,53 turns
DUK,US26441C2044,2023Q4,ok,6075,81 turns
F,US3453708600,2022Q2,ok,7161,43 turns
CAT,US1491231015,2022Q1,ok,9167,82 turns
BA,US0970231058,2022Q2,ok,6477,37 turns
JPM,US46625H1005,2022Q2,ok,7740,97 turns
MSFT,US5949181045,2022Q2,ok,8017,37 turns
WMT,US9311421039,2022Q2,ok,8941,50 turns
PFE,US7170811035,2023Q1,ok,8789,67 turns
KO,US1912161007,2023Q1,ok,6940,37 turns
UNH,US91324P1021,2023Q4,ok,7707,67 turns
XOM,US30231G1022,2023Q1,ok,6134,90 turns
NEE,US65339F1012,2022Q2,ok,7551,52 turns
GM,US37045V1008,2022Q4,ok,9125,86 turns
F,US3453708600,2024Q3,ok,7173,33 turns
BA,US0970231058,2023Q1,ok,6622,43 turns
JPM,US46625H1005,2023Q4,ok,7408,68 turns
WMT,US9311421039,2023Q4,ok,3045,8 turns
KO,US1912161007,2022Q2,ok,7552,43 turns
UNH,US91324P1021,2024Q3,ok,9244,63 turns
CVX,US1667641005,2022Q1,ok,4151,38 turns
DUK,US26441C2044,2023Q2,ok,4702,36 turns
CAT,US1491231015,2023Q1,ok,9445,82 turns
JPM,US46625H1005,2023Q3,ok,8607,85 turns
WMT,US9311421039,2024Q3,ok,8766,47 turns
UNH,US91324P1021,2022Q2,ok,7669,59 turns
GM,US37045V1008,2023Q3,ok,9870,73 turns
F,US3453708600,2023Q1,ok,7556,50 turns
CAT,US1491231015,2023Q4,ok,8697,43 turns
BA,US0970231058,2024Q3,ok,7176,69 turns
MSFT,US5949181045,2023Q1,ok,8795,49 turns
MSFT,US5949181045,2024Q3,ok,8919,51 turns
PFE,US7170811035,2023Q4,ok,9972,99 turns
KO,US1912161007,2024Q3,ok,8258,51 turns
NEE,US65339F1012,2022Q1,ok,8626,48 turns
DUK,US26441C2044,2022Q2,ok,6799,59 turns
GM,US37045V1008,2023Q3,ok,9870,73 turns
F,US3453708600,2023Q1,ok,7556,50 turns
CAT,US1491231015,2023Q4,ok,8697,43 turns
BA,US0970231058,2024Q3,ok,7176,69 turns
MSFT,US5949181045,2023Q1,ok,8795,49 turns
MSFT,US5949181045,2024Q3,ok,8919,51 turns
PFE,US7170811035,2023Q4,ok,9972,99 turns
KO,US1912161007,2024Q3,ok,8258,51 turns
XOM,US30231G1022,2000Q1,fail,0,no transcript
XOM,US30231G1022,2000Q2,fail,0,no transcript
XOM,US30231G1022,2000Q3,fail,0,no transcript
XOM,US30231G1022,2000Q4,fail,0,no transcript
XOM,US30231G1022,2001Q1,fail,0,no transcript
XOM,US30231G1022,2001Q2,fail,0,no transcript
XOM,US30231G1022,2001Q3,fail,0,no transcript
XOM,US30231G1022,2001Q4,fail,0,no transcript
XOM,US30231G1022,2002Q1,fail,0,no transcript
XOM,US30231G1022,2002Q2,fail,0,no transcript
XOM,US30231G1022,2002Q3,fail,0,no transcript
XOM,US30231G1022,2002Q4,fail,0,no transcript
XOM,US30231G1022,2003Q1,fail,0,no transcript
XOM,US30231G1022,2003Q2,fail,0,no transcript
XOM,US30231G1022,2003Q3,fail,0,no transcript
XOM,US30231G1022,2003Q4,fail,0,no transcript
XOM,US30231G1022,2004Q1,fail,0,no transcript
XOM,US30231G1022,2004Q2,fail,0,no transcript
XOM,US30231G1022,2004Q3,fail,0,no transcript
XOM,US30231G1022,2004Q4,fail,0,no transcript
XOM,US30231G1022,2005Q1,fail,0,no transcript
XOM,US30231G1022,2005Q2,fail,0,no transcript
XOM,US30231G1022,2005Q3,ok,2475,1 turns
XOM,US30231G1022,2005Q4,fail,0,no transcript
XOM,US30231G1022,2006Q1,ok,6513,195 turns
XOM,US30231G1022,2006Q2,ok,6108,105 turns
XOM,US30231G1022,2006Q3,ok,5986,149 turns
XOM,US30231G1022,2006Q4,ok,6073,134 turns
XOM,US30231G1022,2007Q1,ok,316,10 turns
XOM,US30231G1022,2007Q2,ok,6189,169 turns
XOM,US30231G1022,2007Q3,fail,0,all AV keys exhausted
XOM,US30231G1022,2000Q1,fail,0,no transcript
XOM,US30231G1022,2000Q2,fail,0,no transcript
XOM,US30231G1022,2000Q3,fail,0,no transcript
XOM,US30231G1022,2000Q4,fail,0,no transcript
XOM,US30231G1022,2001Q1,fail,0,no transcript
XOM,US30231G1022,2001Q2,fail,0,no transcript
XOM,US30231G1022,2001Q3,fail,0,no transcript
XOM,US30231G1022,2001Q4,fail,0,no transcript
XOM,US30231G1022,2002Q1,fail,0,no transcript
XOM,US30231G1022,2002Q2,fail,0,no transcript
XOM,US30231G1022,2002Q3,fail,0,no transcript
XOM,US30231G1022,2002Q4,fail,0,no transcript
XOM,US30231G1022,2003Q1,fail,0,no transcript
XOM,US30231G1022,2003Q2,fail,0,no transcript
XOM,US30231G1022,2003Q3,fail,0,no transcript
XOM,US30231G1022,2003Q4,fail,0,no transcript
XOM,US30231G1022,2004Q1,fail,0,no transcript
XOM,US30231G1022,2004Q2,fail,0,no transcript
XOM,US30231G1022,2004Q3,fail,0,no transcript
XOM,US30231G1022,2004Q4,fail,0,no transcript
XOM,US30231G1022,2005Q1,fail,0,no transcript
XOM,US30231G1022,2005Q2,fail,0,no transcript
XOM,US30231G1022,2005Q3,ok,2475,1 turns
XOM,US30231G1022,2005Q4,fail,0,no transcript
XOM,US30231G1022,2006Q1,ok,6513,195 turns
XOM,US30231G1022,2006Q2,ok,6108,105 turns
XOM,US30231G1022,2006Q3,ok,5986,149 turns
XOM,US30231G1022,2006Q4,ok,6073,134 turns
XOM,US30231G1022,2007Q1,ok,316,10 turns
XOM,US30231G1022,2007Q2,ok,6189,169 turns
XOM,US30231G1022,2007Q3,ok,6845,156 turns
XOM,US30231G1022,2007Q4,fail,0,all AV keys exhausted
XOM,US30231G1022,2005Q1,fail,0,no transcript
XOM,US30231G1022,2005Q2,fail,0,no transcript
XOM,US30231G1022,2005Q4,fail,0,no transcript
XOM,US30231G1022,2007Q4,ok,4533,69 turns
XOM,US30231G1022,2008Q1,ok,7618,165 turns
XOM,US30231G1022,2008Q2,ok,6995,146 turns
XOM,US30231G1022,2008Q3,ok,6816,98 turns
XOM,US30231G1022,2008Q4,ok,5364,68 turns
XOM,US30231G1022,2009Q1,ok,7722,116 turns
XOM,US30231G1022,2009Q2,ok,6987,86 turns
XOM,US30231G1022,2009Q3,ok,6791,83 turns
XOM,US30231G1022,2009Q4,ok,7589,87 turns
XOM,US30231G1022,2010Q1,ok,7913,73 turns
XOM,US30231G1022,2010Q2,fail,0,no transcript
XOM,US30231G1022,2010Q3,ok,7847,92 turns
XOM,US30231G1022,2010Q4,ok,9124,103 turns
XOM,US30231G1022,2011Q1,ok,7890,91 turns
XOM,US30231G1022,2011Q2,fail,0,all AV keys exhausted
XOM,US30231G1022,2005Q1,fail,0,no transcript
XOM,US30231G1022,2005Q2,fail,0,no transcript
XOM,US30231G1022,2005Q4,fail,0,no transcript
XOM,US30231G1022,2010Q2,fail,0,no transcript
XOM,US30231G1022,2011Q2,ok,8595,127 turns
XOM,US30231G1022,2011Q3,ok,7771,105 turns
XOM,US30231G1022,2011Q4,ok,6341,49 turns
XOM,US30231G1022,2012Q1,ok,8544,82 turns
XOM,US30231G1022,2012Q2,ok,8728,128 turns
XOM,US30231G1022,2012Q3,ok,9234,87 turns
XOM,US30231G1022,2012Q4,ok,7656,61 turns
XOM,US30231G1022,2013Q1,ok,7102,71 turns
XOM,US30231G1022,2013Q2,ok,9256,115 turns
XOM,US30231G1022,2013Q3,ok,2654,14 turns
XOM,US30231G1022,2013Q4,ok,7550,58 turns
XOM,US30231G1022,2014Q1,ok,9191,121 turns
XOM,US30231G1022,2014Q2,ok,7833,50 turns
XOM,US30231G1022,2014Q3,ok,9139,111 turns
XOM,US30231G1022,2014Q4,fail,0,all AV keys exhausted
XOM,US30231G1022,2005Q1,fail,0,no transcript
XOM,US30231G1022,2005Q2,fail,0,no transcript
XOM,US30231G1022,2005Q4,fail,0,no transcript
XOM,US30231G1022,2010Q2,fail,0,no transcript
XOM,US30231G1022,2014Q4,ok,9334,126 turns
XOM,US30231G1022,2015Q1,ok,8632,98 turns
XOM,US30231G1022,2015Q2,ok,10130,109 turns
XOM,US30231G1022,2015Q3,ok,9919,176 turns
XOM,US30231G1022,2015Q4,fail,0,all AV keys exhausted
XOM,US30231G1022,2005Q1,fail,0,no transcript
XOM,US30231G1022,2005Q2,fail,0,no transcript
XOM,US30231G1022,2005Q4,fail,0,no transcript
XOM,US30231G1022,2010Q2,fail,0,no transcript
XOM,US30231G1022,2015Q4,ok,7522,122 turns
XOM,US30231G1022,2016Q1,ok,9814,94 turns
XOM,US30231G1022,2016Q2,ok,9068,166 turns
XOM,US30231G1022,2016Q3,fail,0,all AV keys exhausted
XOM,US30231G1022,2016Q3,fail,0,all AV keys exhausted
XOM,US30231G1022,2016Q3,ok,9128,93 turns
XOM,US30231G1022,2016Q4,ok,10751,149 turns
XOM,US30231G1022,2017Q1,ok,6874,77 turns
XOM,US30231G1022,2017Q2,ok,12051,167 turns
XOM,US30231G1022,2017Q3,ok,13095,191 turns
XOM,US30231G1022,2017Q4,ok,12182,145 turns
XOM,US30231G1022,2018Q1,ok,9228,92 turns
XOM,US30231G1022,2018Q2,ok,3512,17 turns
XOM,US30231G1022,2018Q3,ok,8180,102 turns
XOM,US30231G1022,2018Q4,ok,9615,76 turns
XOM,US30231G1022,2019Q1,ok,10379,89 turns
XOM,US30231G1022,2019Q2,ok,6991,38 turns
XOM,US30231G1022,2019Q3,ok,7925,54 turns
XOM,US30231G1022,2019Q4,ok,8064,67 turns
XOM,US30231G1022,2020Q1,ok,10048,63 turns
XOM,US30231G1022,2020Q2,ok,9744,59 turns
XOM,US30231G1022,2020Q3,ok,11270,63 turns
XOM,US30231G1022,2020Q4,ok,9857,61 turns
XOM,US30231G1022,2021Q1,ok,9055,42 turns
XOM,US30231G1022,2021Q2,ok,11056,49 turns
XOM,US30231G1022,2021Q3,ok,7833,78 turns
XOM,US30231G1022,2021Q4,ok,9080,84 turns
CVX,US1667641005,2000Q1,fail,0,no transcript
CVX,US1667641005,2000Q2,fail,0,no transcript
CVX,US1667641005,2000Q3,fail,0,no transcript
CVX,US1667641005,2000Q4,fail,0,all AV keys exhausted
CVX,US1667641005,2000Q4,fail,0,all AV keys exhausted
CVX,US1667641005,2000Q4,fail,0,no transcript
CVX,US1667641005,2001Q1,fail,0,no transcript
CVX,US1667641005,2001Q2,fail,0,no transcript
CVX,US1667641005,2001Q3,fail,0,no transcript
CVX,US1667641005,2001Q4,fail,0,no transcript
CVX,US1667641005,2002Q1,fail,0,no transcript
CVX,US1667641005,2002Q2,fail,0,no transcript
CVX,US1667641005,2002Q3,fail,0,no transcript
CVX,US1667641005,2002Q4,fail,0,no transcript
CVX,US1667641005,2003Q1,fail,0,no transcript
CVX,US1667641005,2003Q2,fail,0,no transcript
CVX,US1667641005,2003Q3,fail,0,no transcript
CVX,US1667641005,2003Q4,fail,0,no transcript
CVX,US1667641005,2004Q1,fail,0,no transcript
CVX,US1667641005,2004Q2,fail,0,no transcript
CVX,US1667641005,2004Q3,fail,0,no transcript
CVX,US1667641005,2004Q4,fail,0,no transcript
CVX,US1667641005,2005Q1,fail,0,no transcript
CVX,US1667641005,2005Q2,fail,0,no transcript
CVX,US1667641005,2005Q3,fail,0,no transcript
CVX,US1667641005,2005Q4,fail,0,no transcript
CVX,US1667641005,2006Q1,fail,0,no transcript
CVX,US1667641005,2006Q2,fail,0,no transcript
CVX,US1667641005,2006Q3,fail,0,no transcript
CVX,US1667641005,2006Q4,fail,0,no transcript
CVX,US1667641005,2007Q1,fail,0,all AV keys exhausted
CVX,US1667641005,2007Q4,fail,0,no transcript
CVX,US1667641005,2008Q2,fail,0,all AV keys exhausted
CVX,US1667641005,2008Q2,ok,6558,84 turns
CVX,US1667641005,2009Q1,ok,6620,108 turns
CVX,US1667641005,2009Q4,ok,8188,82 turns
CVX,US1667641005,2010Q1,ok,7470,112 turns
CVX,US1667641005,2010Q2,ok,7832,74 turns
CVX,US1667641005,2010Q3,ok,7145,62 turns
CVX,US1667641005,2010Q4,ok,7487,65 turns
CVX,US1667641005,2011Q1,ok,7183,91 turns
CVX,US1667641005,2014Q3,ok,5904,42 turns
CVX,US1667641005,2014Q4,ok,8282,48 turns
CVX,US1667641005,2015Q1,ok,9062,125 turns
CVX,US1667641005,2015Q2,ok,2878,8 turns
CVX,US1667641005,2015Q3,ok,10517,101 turns
CVX,US1667641005,2015Q4,ok,10036,99 turns
CVX,US1667641005,2016Q1,ok,8064,117 turns
CVX,US1667641005,2016Q2,ok,9694,118 turns
CVX,US1667641005,2016Q3,ok,8524,91 turns
CVX,US1667641005,2016Q4,ok,10931,78 turns
CVX,US1667641005,2017Q1,ok,9112,111 turns
CVX,US1667641005,2017Q2,ok,9818,110 turns
CVX,US1667641005,2017Q3,ok,8698,89 turns
CVX,US1667641005,2017Q4,ok,8789,61 turns
CVX,US1667641005,2018Q1,ok,7464,79 turns
CVX,US1667641005,2018Q2,ok,7115,48 turns
CVX,US1667641005,2018Q3,ok,9729,89 turns
CVX,US1667641005,2018Q4,fail,0,all AV keys exhausted
CVX,US1667641005,2018Q4,ok,8566,62 turns
CVX,US1667641005,2019Q1,ok,7234,74 turns
CVX,US1667641005,2019Q2,ok,6846,90 turns
CVX,US1667641005,2019Q3,ok,7930,90 turns
CVX,US1667641005,2019Q4,ok,8839,74 turns
CVX,US1667641005,2020Q1,ok,7941,82 turns
CVX,US1667641005,2020Q2,ok,7333,75 turns
CVX,US1667641005,2020Q3,ok,9139,109 turns
CVX,US1667641005,2020Q4,ok,9079,62 turns
CVX,US1667641005,2021Q1,ok,8290,57 turns
CVX,US1667641005,2021Q2,ok,7816,94 turns
CVX,US1667641005,2021Q3,ok,8267,85 turns
CVX,US1667641005,2021Q4,ok,7636,68 turns
NEE,US65339F1012,2004Q1,fail,0,no transcript
NEE,US65339F1012,2004Q2,fail,0,no transcript
NEE,US65339F1012,2004Q3,fail,0,no transcript
NEE,US65339F1012,2004Q4,fail,0,no transcript
NEE,US65339F1012,2005Q1,fail,0,no transcript
NEE,US65339F1012,2005Q2,fail,0,no transcript
NEE,US65339F1012,2005Q3,fail,0,no transcript
NEE,US65339F1012,2005Q4,fail,0,no transcript
NEE,US65339F1012,2006Q1,fail,0,no transcript
NEE,US65339F1012,2006Q2,fail,0,no transcript
NEE,US65339F1012,2006Q3,fail,0,no transcript
NEE,US65339F1012,2006Q4,fail,0,no transcript
NEE,US65339F1012,2007Q1,fail,0,all AV keys exhausted
NEE,US65339F1012,2007Q1,fail,0,all AV keys exhausted
NEE,US65339F1012,2007Q1,fail,0,no transcript
NEE,US65339F1012,2007Q2,fail,0,no transcript
NEE,US65339F1012,2007Q3,fail,0,no transcript
NEE,US65339F1012,2007Q4,fail,0,no transcript
NEE,US65339F1012,2008Q1,fail,0,no transcript
NEE,US65339F1012,2008Q2,fail,0,no transcript
NEE,US65339F1012,2008Q3,fail,0,no transcript
NEE,US65339F1012,2008Q4,fail,0,no transcript
NEE,US65339F1012,2009Q1,fail,0,no transcript
NEE,US65339F1012,2009Q2,fail,0,no transcript
NEE,US65339F1012,2009Q3,fail,0,no transcript
NEE,US65339F1012,2009Q4,fail,0,no transcript
NEE,US65339F1012,2010Q1,fail,0,no transcript
NEE,US65339F1012,2010Q2,ok,9511,61 turns
NEE,US65339F1012,2010Q3,fail,0,no transcript
NEE,US65339F1012,2010Q4,ok,9541,61 turns
NEE,US65339F1012,2011Q1,ok,5678,36 turns
NEE,US65339F1012,2011Q2,ok,6528,44 turns
NEE,US65339F1012,2011Q3,ok,7170,36 turns
NEE,US65339F1012,2011Q4,ok,8168,63 turns
NEE,US65339F1012,2012Q1,ok,7962,74 turns
NEE,US65339F1012,2012Q2,ok,7660,63 turns
NEE,US65339F1012,2012Q3,ok,8383,61 turns
NEE,US65339F1012,2012Q4,ok,8763,57 turns
NEE,US65339F1012,2013Q1,ok,7529,77 turns
NEE,US65339F1012,2013Q2,fail,0,all AV keys exhausted
NEE,US65339F1012,2013Q2,ok,8218,58 turns
NEE,US65339F1012,2013Q3,ok,8781,76 turns
NEE,US65339F1012,2013Q4,ok,9180,54 turns
NEE,US65339F1012,2014Q1,ok,6113,60 turns
NEE,US65339F1012,2014Q2,ok,7883,52 turns
NEE,US65339F1012,2014Q3,ok,9285,87 turns
NEE,US65339F1012,2014Q4,ok,7877,53 turns
NEE,US65339F1012,2015Q1,ok,8791,83 turns
NEE,US65339F1012,2015Q2,ok,9056,66 turns
NEE,US65339F1012,2015Q3,ok,8873,75 turns
NEE,US65339F1012,2015Q4,ok,8534,42 turns
NEE,US65339F1012,2016Q1,ok,7573,53 turns
NEE,US65339F1012,2016Q2,ok,8047,78 turns
NEE,US65339F1012,2016Q3,ok,7572,43 turns
NEE,US65339F1012,2016Q4,ok,8624,59 turns
NEE,US65339F1012,2017Q1,ok,8384,77 turns
NEE,US65339F1012,2017Q2,ok,8453,66 turns
NEE,US65339F1012,2017Q3,ok,9505,66 turns
NEE,US65339F1012,2017Q4,ok,8397,40 turns
NEE,US65339F1012,2018Q1,ok,8109,43 turns
NEE,US65339F1012,2018Q2,ok,7946,99 turns
NEE,US65339F1012,2018Q3,ok,1702,11 turns
NEE,US65339F1012,2018Q4,ok,10498,85 turns
NEE,US65339F1012,2019Q1,ok,8526,70 turns
NEE,US65339F1012,2019Q2,ok,8600,62 turns
NEE,US65339F1012,2019Q3,fail,0,all AV keys exhausted
NEE,US65339F1012,2019Q3,ok,8703,47 turns
NEE,US65339F1012,2019Q4,ok,9295,55 turns
NEE,US65339F1012,2020Q1,ok,8643,21 turns
NEE,US65339F1012,2020Q2,ok,6197,29 turns
NEE,US65339F1012,2020Q3,ok,8075,50 turns
NEE,US65339F1012,2020Q4,ok,10996,40 turns
NEE,US65339F1012,2021Q1,ok,8294,38 turns
NEE,US65339F1012,2021Q2,ok,8933,53 turns
NEE,US65339F1012,2021Q3,ok,7954,42 turns
NEE,US65339F1012,2021Q4,ok,11867,61 turns
DUK,US26441C2044,2004Q1,fail,0,no transcript
DUK,US26441C2044,2004Q2,fail,0,no transcript
DUK,US26441C2044,2004Q3,fail,0,no transcript
DUK,US26441C2044,2004Q4,fail,0,no transcript
DUK,US26441C2044,2005Q1,fail,0,no transcript
DUK,US26441C2044,2005Q2,fail,0,no transcript
DUK,US26441C2044,2005Q3,fail,0,no transcript
DUK,US26441C2044,2005Q4,fail,0,no transcript
DUK,US26441C2044,2006Q1,fail,0,no transcript
DUK,US26441C2044,2006Q2,fail,0,no transcript
DUK,US26441C2044,2006Q3,fail,0,no transcript
DUK,US26441C2044,2006Q4,fail,0,no transcript
DUK,US26441C2044,2007Q1,fail,0,no transcript
DUK,US26441C2044,2007Q2,fail,0,no transcript
DUK,US26441C2044,2007Q3,fail,0,no transcript
DUK,US26441C2044,2007Q4,fail,0,all AV keys exhausted
DUK,US26441C2044,2007Q4,fail,0,no transcript
DUK,US26441C2044,2008Q1,ok,8154,120 turns
DUK,US26441C2044,2008Q2,ok,7573,82 turns
DUK,US26441C2044,2008Q3,ok,8923,69 turns
DUK,US26441C2044,2008Q4,ok,7848,106 turns
DUK,US26441C2044,2009Q1,ok,4543,33 turns
DUK,US26441C2044,2009Q2,ok,7480,53 turns
DUK,US26441C2044,2009Q3,ok,7667,79 turns
DUK,US26441C2044,2009Q4,ok,7726,55 turns
DUK,US26441C2044,2010Q1,ok,7247,67 turns
DUK,US26441C2044,2010Q2,ok,7415,98 turns
DUK,US26441C2044,2010Q3,ok,7364,87 turns
DUK,US26441C2044,2010Q4,ok,7654,48 turns
DUK,US26441C2044,2011Q1,ok,7469,77 turns
DUK,US26441C2044,2011Q2,ok,7836,72 turns
DUK,US26441C2044,2011Q3,ok,5126,56 turns
DUK,US26441C2044,2011Q4,ok,7471,95 turns
DUK,US26441C2044,2012Q1,ok,6589,75 turns
DUK,US26441C2044,2012Q2,ok,7158,55 turns
DUK,US26441C2044,2012Q3,ok,8058,78 turns
DUK,US26441C2044,2012Q4,ok,86,47 turns
DUK,US26441C2044,2013Q1,ok,7812,46 turns
DUK,US26441C2044,2013Q2,ok,7623,90 turns
DUK,US26441C2044,2013Q3,ok,9158,138 turns
DUK,US26441C2044,2013Q4,ok,8798,74 turns
DUK,US26441C2044,2014Q1,fail,0,all AV keys exhausted
DUK,US26441C2044,2014Q1,ok,9269,109 turns
DUK,US26441C2044,2014Q2,ok,7916,75 turns
DUK,US26441C2044,2014Q3,ok,8058,85 turns
DUK,US26441C2044,2014Q4,ok,8274,115 turns
DUK,US26441C2044,2015Q1,ok,8687,77 turns
DUK,US26441C2044,2015Q2,ok,9038,118 turns
DUK,US26441C2044,2015Q3,ok,6716,81 turns
DUK,US26441C2044,2015Q4,ok,7838,105 turns
DUK,US26441C2044,2016Q1,ok,8247,151 turns
DUK,US26441C2044,2016Q2,ok,8859,130 turns
DUK,US26441C2044,2016Q3,ok,4595,30 turns
DUK,US26441C2044,2016Q4,ok,9072,112 turns
DUK,US26441C2044,2017Q1,ok,7773,132 turns
DUK,US26441C2044,2017Q2,ok,5423,74 turns
DUK,US26441C2044,2017Q3,ok,7923,130 turns
DUK,US26441C2044,2017Q4,ok,8898,110 turns
DUK,US26441C2044,2018Q1,ok,7535,142 turns
DUK,US26441C2044,2018Q2,ok,4914,87 turns
DUK,US26441C2044,2018Q3,ok,7998,123 turns
DUK,US26441C2044,2018Q4,ok,8445,109 turns
DUK,US26441C2044,2019Q1,ok,6735,92 turns
DUK,US26441C2044,2019Q2,ok,7593,108 turns
DUK,US26441C2044,2019Q3,ok,6791,56 turns
DUK,US26441C2044,2019Q4,ok,7216,58 turns
DUK,US26441C2044,2020Q1,ok,7906,64 turns
DUK,US26441C2044,2020Q2,fail,0,all AV keys exhausted
DUK,US26441C2044,2020Q2,fail,0,all AV keys exhausted
DUK,US26441C2044,2020Q2,ok,7471,70 turns
DUK,US26441C2044,2020Q3,ok,8891,107 turns
DUK,US26441C2044,2020Q4,ok,7797,104 turns
DUK,US26441C2044,2021Q1,ok,7197,91 turns
DUK,US26441C2044,2021Q2,ok,6423,65 turns
DUK,US26441C2044,2021Q3,ok,5933,85 turns
DUK,US26441C2044,2021Q4,ok,6741,60 turns
GM,US37045V1008,2007Q1,ok,434,9 turns
GM,US37045V1008,2007Q2,ok,1994,9 turns
GM,US37045V1008,2007Q3,ok,1868,8 turns
GM,US37045V1008,2007Q4,fail,0,no transcript
GM,US37045V1008,2008Q1,ok,3039,14 turns
GM,US37045V1008,2008Q2,fail,0,no transcript
GM,US37045V1008,2008Q3,ok,2740,9 turns
GM,US37045V1008,2008Q4,ok,7282,84 turns
GM,US37045V1008,2009Q1,fail,0,no transcript
GM,US37045V1008,2009Q2,fail,0,no transcript
GM,US37045V1008,2009Q3,fail,0,no transcript
GM,US37045V1008,2009Q4,fail,0,no transcript
GM,US37045V1008,2010Q1,fail,0,no transcript
GM,US37045V1008,2010Q2,fail,0,no transcript
GM,US37045V1008,2010Q3,fail,0,no transcript
GM,US37045V1008,2010Q4,fail,0,no transcript
GM,US37045V1008,2011Q1,fail,0,no transcript
GM,US37045V1008,2011Q2,ok,10391,80 turns
GM,US37045V1008,2011Q3,fail,0,all AV keys exhausted
GM,US37045V1008,2015Q1,ok,3691,93 turns
GM,US37045V1008,2015Q2,ok,10028,86 turns
GM,US37045V1008,2015Q3,ok,8170,104 turns
GM,US37045V1008,2015Q4,ok,8269,91 turns
GM,US37045V1008,2016Q1,ok,7521,94 turns
GM,US37045V1008,2016Q2,ok,8890,98 turns
GM,US37045V1008,2016Q3,ok,9431,77 turns
GM,US37045V1008,2016Q4,ok,9104,91 turns
GM,US37045V1008,2017Q1,ok,9849,85 turns
GM,US37045V1008,2017Q2,ok,9534,92 turns
GM,US37045V1008,2017Q3,ok,7906,82 turns
GM,US37045V1008,2017Q4,fail,0,all AV keys exhausted
GM,US37045V1008,2017Q4,fail,0,all AV keys exhausted
GM,US37045V1008,2017Q4,ok,9554,108 turns
GM,US37045V1008,2018Q1,ok,10456,100 turns
GM,US37045V1008,2018Q2,ok,9675,86 turns
GM,US37045V1008,2018Q3,ok,7589,103 turns
GM,US37045V1008,2018Q4,ok,8472,87 turns
GM,US37045V1008,2019Q1,ok,7934,80 turns
GM,US37045V1008,2019Q2,ok,8392,102 turns
GM,US37045V1008,2019Q3,ok,9747,83 turns
GM,US37045V1008,2019Q4,ok,4012,11 turns
GM,US37045V1008,2020Q1,ok,8935,83 turns
GM,US37045V1008,2020Q2,ok,9543,78 turns
GM,US37045V1008,2020Q3,ok,9045,70 turns
GM,US37045V1008,2020Q4,ok,6964,32 turns
GM,US37045V1008,2021Q1,ok,10673,61 turns
GM,US37045V1008,2021Q2,ok,9861,70 turns
GM,US37045V1008,2021Q3,ok,9255,101 turns
GM,US37045V1008,2021Q4,ok,9791,75 turns
F,US3453708600,2007Q1,fail,0,no transcript
F,US3453708600,2007Q2,fail,0,no transcript
F,US3453708600,2007Q3,fail,0,no transcript
F,US3453708600,2007Q4,fail,0,no transcript
F,US3453708600,2008Q1,ok,6106,94 turns
F,US3453708600,2008Q2,ok,9783,98 turns
F,US3453708600,2008Q3,fail,0,no transcript
F,US3453708600,2008Q4,ok,3255,32 turns
F,US3453708600,2009Q1,ok,4484,32 turns
F,US3453708600,2009Q2,ok,2794,41 turns
F,US3453708600,2009Q3,ok,7240,126 turns
F,US3453708600,2009Q4,ok,1855,17 turns
F,US3453708600,2010Q1,ok,8488,110 turns
F,US3453708600,2010Q2,ok,3395,22 turns
F,US3453708600,2010Q3,ok,4789,36 turns
F,US3453708600,2010Q4,ok,7635,61 turns
F,US3453708600,2011Q1,ok,3415,30 turns
F,US3453708600,2011Q2,ok,4077,31 turns
F,US3453708600,2011Q3,ok,5016,66 turns
F,US3453708600,2011Q4,ok,9697,85 turns
F,US3453708600,2012Q1,ok,5281,44 turns
F,US3453708600,2012Q2,ok,572,22 turns
F,US3453708600,2012Q3,ok,9219,68 turns
F,US3453708600,2012Q4,ok,81,17 turns
F,US3453708600,2013Q1,ok,9917,85 turns
F,US3453708600,2013Q2,ok,9722,85 turns
F,US3453708600,2013Q3,ok,10909,65 turns
F,US3453708600,2013Q4,ok,9043,77 turns
F,US3453708600,2014Q1,ok,1492,6 turns
F,US3453708600,2014Q2,ok,9919,66 turns
F,US3453708600,2014Q3,ok,8005,44 turns
F,US3453708600,2014Q4,ok,9486,80 turns
F,US3453708600,2015Q1,fail,0,all AV keys exhausted
F,US3453708600,2015Q1,ok,9440,39 turns
F,US3453708600,2015Q2,ok,10895,76 turns
F,US3453708600,2015Q3,ok,4613,19 turns
F,US3453708600,2015Q4,ok,9563,79 turns
F,US3453708600,2016Q1,ok,9762,61 turns
F,US3453708600,2016Q2,ok,4272,33 turns
F,US3453708600,2016Q3,ok,8953,46 turns
F,US3453708600,2016Q4,ok,2447,21 turns
F,US3453708600,2017Q1,ok,3068,35 turns
F,US3453708600,2017Q2,ok,12150,53 turns
F,US3453708600,2017Q3,ok,9392,104 turns
F,US3453708600,2017Q4,ok,6143,65 turns
F,US3453708600,2018Q1,ok,5614,63 turns
F,US3453708600,2018Q2,ok,9567,40 turns
F,US3453708600,2018Q3,ok,9130,68 turns
F,US3453708600,2018Q4,ok,7697,46 turns
F,US3453708600,2019Q1,ok,9912,70 turns
F,US3453708600,2019Q2,ok,6304,66 turns
F,US3453708600,2019Q3,ok,9802,72 turns
F,US3453708600,2019Q4,ok,9878,62 turns
F,US3453708600,2020Q1,ok,8027,32 turns
F,US3453708600,2020Q2,ok,9535,72 turns
F,US3453708600,2020Q3,ok,8279,65 turns
F,US3453708600,2020Q4,ok,6667,24 turns
F,US3453708600,2021Q1,ok,8887,48 turns
F,US3453708600,2021Q2,fail,0,all AV keys exhausted
F,US3453708600,2021Q2,fail,0,all AV keys exhausted
F,US3453708600,2021Q2,ok,6668,47 turns
F,US3453708600,2021Q3,ok,3204,14 turns
F,US3453708600,2021Q4,ok,7624,42 turns
CAT,US1491231015,2007Q1,ok,8674,92 turns
CAT,US1491231015,2007Q2,ok,8485,96 turns
CAT,US1491231015,2007Q3,ok,9401,107 turns
CAT,US1491231015,2007Q4,fail,0,no transcript
CAT,US1491231015,2008Q1,ok,9112,104 turns
CAT,US1491231015,2008Q2,ok,9631,108 turns
CAT,US1491231015,2008Q3,ok,8941,65 turns
CAT,US1491231015,2008Q4,ok,9263,91 turns
CAT,US1491231015,2009Q1,ok,9518,67 turns
CAT,US1491231015,2009Q2,ok,8161,82 turns
CAT,US1491231015,2009Q3,ok,9164,97 turns
CAT,US1491231015,2009Q4,ok,8008,53 turns
CAT,US1491231015,2010Q1,ok,7915,64 turns
CAT,US1491231015,2010Q2,ok,8776,92 turns
CAT,US1491231015,2010Q3,ok,8563,85 turns
CAT,US1491231015,2010Q4,ok,6172,55 turns
CAT,US1491231015,2011Q1,ok,8218,54 turns
CAT,US1491231015,2011Q2,ok,10988,100 turns
CAT,US1491231015,2011Q3,ok,8421,99 turns
CAT,US1491231015,2011Q4,ok,8876,92 turns
CAT,US1491231015,2012Q1,ok,9246,89 turns
CAT,US1491231015,2012Q2,ok,9579,89 turns
CAT,US1491231015,2012Q3,fail,0,all AV keys exhausted
CAT,US1491231015,2012Q3,ok,8898,71 turns
CAT,US1491231015,2012Q4,ok,767,98 turns
CAT,US1491231015,2013Q1,ok,7310,51 turns
CAT,US1491231015,2013Q2,ok,8820,72 turns
CAT,US1491231015,2013Q3,ok,7982,65 turns
CAT,US1491231015,2013Q4,ok,8585,49 turns
CAT,US1491231015,2014Q1,ok,6722,69 turns
CAT,US1491231015,2014Q2,ok,8687,92 turns
CAT,US1491231015,2014Q3,ok,8024,66 turns
CAT,US1491231015,2014Q4,ok,8228,74 turns
CAT,US1491231015,2015Q1,ok,7163,99 turns
CAT,US1491231015,2015Q2,ok,8923,80 turns
CAT,US1491231015,2015Q3,ok,8951,53 turns
CAT,US1491231015,2015Q4,ok,5359,46 turns
CAT,US1491231015,2016Q1,ok,9219,76 turns
CAT,US1491231015,2016Q2,ok,8702,70 turns
CAT,US1491231015,2016Q3,ok,5544,79 turns
CAT,US1491231015,2016Q4,ok,8194,94 turns
CAT,US1491231015,2017Q1,ok,6659,44 turns
CAT,US1491231015,2017Q2,ok,8942,99 turns
CAT,US1491231015,2017Q3,ok,7456,39 turns
CAT,US1491231015,2017Q4,ok,7134,83 turns
CAT,US1491231015,2018Q1,ok,8989,70 turns
CAT,US1491231015,2018Q2,ok,8837,79 turns
CAT,US1491231015,2018Q3,fail,0,all AV keys exhausted
CAT,US1491231015,2018Q3,fail,0,all AV keys exhausted
COP,US20825C1045,2007Q1,ok,262,10 turns
COP,US20825C1045,2007Q2,ok,8135,89 turns
COP,US20825C1045,2007Q3,fail,0,no transcript
COP,US20825C1045,2007Q4,ok,7352,82 turns
COP,US20825C1045,2008Q1,ok,7988,102 turns
COP,US20825C1045,2008Q2,ok,7390,94 turns
COP,US20825C1045,2008Q3,ok,8116,78 turns
COP,US20825C1045,2008Q4,ok,5885,79 turns
COP,US20825C1045,2009Q1,ok,6237,112 turns
COP,US20825C1045,2009Q2,ok,5994,103 turns
COP,US20825C1045,2009Q3,ok,8620,66 turns
COP,US20825C1045,2009Q4,ok,7086,102 turns
COP,US20825C1045,2010Q1,ok,5237,21 turns
COP,US20825C1045,2010Q2,ok,9410,60 turns
COP,US20825C1045,2010Q3,ok,8468,74 turns
COP,US20825C1045,2010Q4,ok,3823,48 turns
COP,US20825C1045,2011Q1,ok,6530,87 turns
COP,US20825C1045,2011Q2,ok,5773,86 turns
COP,US20825C1045,2011Q3,ok,7827,129 turns
COP,US20825C1045,2011Q4,ok,5064,48 turns
COP,US20825C1045,2012Q1,ok,7113,74 turns
COP,US20825C1045,2012Q2,ok,8704,79 turns
COP,US20825C1045,2012Q3,ok,9318,122 turns
COP,US20825C1045,2012Q4,ok,5454,68 turns
COP,US20825C1045,2013Q1,ok,7396,65 turns
COP,US20825C1045,2013Q2,ok,7957,117 turns
COP,US20825C1045,2013Q3,ok,8869,105 turns
COP,US20825C1045,2013Q4,ok,7899,82 turns
COP,US20825C1045,2014Q1,ok,5344,117 turns
COP,US20825C1045,2014Q2,ok,8992,115 turns
COP,US20825C1045,2014Q3,ok,9433,111 turns
COP,US20825C1045,2014Q4,ok,8959,100 turns
COP,US20825C1045,2015Q1,ok,7253,87 turns
COP,US20825C1045,2015Q2,ok,10826,132 turns
COP,US20825C1045,2015Q3,ok,10003,108 turns
COP,US20825C1045,2015Q4,ok,11017,143 turns
COP,US20825C1045,2016Q1,ok,1719,33 turns
COP,US20825C1045,2016Q2,ok,9558,95 turns
COP,US20825C1045,2016Q3,ok,7912,98 turns
COP,US20825C1045,2016Q4,ok,3431,11 turns
COP,US20825C1045,2017Q1,ok,8352,104 turns
COP,US20825C1045,2017Q2,ok,8760,127 turns
COP,US20825C1045,2017Q3,fail,0,all AV keys exhausted
COP,US20825C1045,2017Q3,ok,3046,25 turns
COP,US20825C1045,2017Q4,ok,8520,102 turns
COP,US20825C1045,2018Q1,ok,8612,100 turns
COP,US20825C1045,2018Q2,ok,9136,103 turns
COP,US20825C1045,2018Q3,ok,9419,108 turns
COP,US20825C1045,2018Q4,ok,8844,82 turns
COP,US20825C1045,2019Q1,ok,7180,74 turns
COP,US20825C1045,2019Q2,ok,6593,71 turns
COP,US20825C1045,2019Q3,ok,4712,67 turns
COP,US20825C1045,2019Q4,ok,6973,69 turns
COP,US20825C1045,2020Q1,ok,7563,94 turns
COP,US20825C1045,2020Q2,ok,8028,69 turns
COP,US20825C1045,2020Q3,ok,9415,90 turns
COP,US20825C1045,2020Q4,ok,5405,73 turns
COP,US20825C1045,2021Q1,ok,5830,54 turns
COP,US20825C1045,2021Q2,ok,5955,51 turns
COP,US20825C1045,2021Q3,ok,7139,73 turns
COP,US20825C1045,2021Q4,ok,5008,66 turns
COP,US20825C1045,2022Q1,ok,5305,42 turns
COP,US20825C1045,2022Q2,ok,7463,69 turns
COP,US20825C1045,2022Q3,ok,7630,74 turns
COP,US20825C1045,2022Q4,ok,8191,91 turns
COP,US20825C1045,2023Q1,ok,4631,55 turns
COP,US20825C1045,2023Q2,ok,5213,49 turns
COP,US20825C1045,2023Q3,ok,6466,60 turns
COP,US20825C1045,2023Q4,fail,0,all AV keys exhausted
COP,US20825C1045,2023Q4,ok,5325,40 turns
COP,US20825C1045,2024Q1,ok,6006,49 turns
COP,US20825C1045,2024Q2,ok,8519,59 turns
COP,US20825C1045,2024Q3,ok,4788,72 turns
COP,US20825C1045,2024Q4,ok,9029,58 turns
OXY,US6745991058,2007Q1,fail,0,no transcript
OXY,US6745991058,2007Q2,ok,4723,81 turns
OXY,US6745991058,2007Q3,ok,4739,86 turns
OXY,US6745991058,2007Q4,ok,3657,74 turns
OXY,US6745991058,2008Q1,ok,5638,105 turns
OXY,US6745991058,2008Q2,ok,7820,111 turns
OXY,US6745991058,2008Q3,ok,5646,117 turns
OXY,US6745991058,2008Q4,ok,6202,142 turns
OXY,US6745991058,2009Q1,ok,5798,84 turns
OXY,US6745991058,2009Q2,ok,6361,156 turns
OXY,US6745991058,2009Q3,ok,7641,159 turns
OXY,US6745991058,2009Q4,ok,6973,99 turns
OXY,US6745991058,2010Q1,ok,3565,38 turns
OXY,US6745991058,2010Q2,ok,4578,92 turns
OXY,US6745991058,2010Q3,ok,5457,107 turns
OXY,US6745991058,2010Q4,fail,0,all AV keys exhausted
OXY,US6745991058,2010Q4,fail,0,all AV keys exhausted
OXY,US6745991058,2010Q4,ok,6903,116 turns
OXY,US6745991058,2011Q1,ok,5469,117 turns
OXY,US6745991058,2011Q2,ok,7709,173 turns
OXY,US6745991058,2011Q3,ok,7257,96 turns
OXY,US6745991058,2011Q4,ok,6004,56 turns
OXY,US6745991058,2012Q1,ok,6222,79 turns
OXY,US6745991058,2012Q2,ok,6432,95 turns
OXY,US6745991058,2012Q3,ok,9761,97 turns
OXY,US6745991058,2012Q4,ok,10190,87 turns
OXY,US6745991058,2013Q1,ok,7844,117 turns
OXY,US6745991058,2013Q2,ok,10412,105 turns
OXY,US6745991058,2013Q3,ok,9758,78 turns
OXY,US6745991058,2013Q4,ok,8730,58 turns
OXY,US6745991058,2014Q1,ok,7524,69 turns
OXY,US6745991058,2014Q2,ok,10438,84 turns
OXY,US6745991058,2014Q3,ok,9949,64 turns
OXY,US6745991058,2014Q4,ok,9219,42 turns
OXY,US6745991058,2015Q1,ok,9395,69 turns
OXY,US6745991058,2015Q2,ok,8109,40 turns
OXY,US6745991058,2015Q3,ok,8892,105 turns
OXY,US6745991058,2015Q4,ok,9272,66 turns
OXY,US6745991058,2016Q1,ok,9309,65 turns
OXY,US6745991058,2016Q2,ok,8632,65 turns
OXY,US6745991058,2016Q3,ok,8619,46 turns
OXY,US6745991058,2016Q4,ok,9038,55 turns
OXY,US6745991058,2017Q1,fail,0,all AV keys exhausted
OXY,US6745991058,2017Q1,ok,9172,88 turns
OXY,US6745991058,2017Q2,ok,8040,67 turns
OXY,US6745991058,2017Q3,ok,7205,54 turns
OXY,US6745991058,2017Q4,ok,8918,66 turns
OXY,US6745991058,2018Q1,ok,8825,100 turns
OXY,US6745991058,2018Q2,ok,9954,75 turns
OXY,US6745991058,2018Q3,ok,9242,70 turns
OXY,US6745991058,2018Q4,ok,9489,60 turns
OXY,US6745991058,2019Q1,ok,7541,67 turns
OXY,US6745991058,2019Q2,ok,5652,78 turns
OXY,US6745991058,2019Q3,ok,8122,51 turns
OXY,US6745991058,2019Q4,ok,7715,61 turns
OXY,US6745991058,2020Q1,ok,9266,75 turns
OXY,US6745991058,2020Q2,ok,8999,53 turns
OXY,US6745991058,2020Q3,ok,6929,54 turns
OXY,US6745991058,2020Q4,ok,4803,46 turns
OXY,US6745991058,2021Q1,ok,5416,29 turns
OXY,US6745991058,2021Q2,ok,5439,40 turns
OXY,US6745991058,2021Q3,ok,6836,49 turns
OXY,US6745991058,2021Q4,ok,8681,53 turns
OXY,US6745991058,2022Q1,ok,9327,51 turns
OXY,US6745991058,2022Q2,ok,8339,47 turns
OXY,US6745991058,2022Q3,ok,7529,38 turns
OXY,US6745991058,2022Q4,ok,8659,54 turns
OXY,US6745991058,2023Q1,ok,7270,49 turns
OXY,US6745991058,2023Q2,ok,6559,56 turns
OXY,US6745991058,2023Q3,ok,8067,48 turns
OXY,US6745991058,2023Q4,ok,6746,63 turns
OXY,US6745991058,2024Q1,ok,6439,59 turns
OXY,US6745991058,2024Q2,ok,7750,53 turns
OXY,US6745991058,2024Q3,ok,7459,40 turns
OXY,US6745991058,2024Q4,ok,7378,52 turns
SO,US8425871071,2007Q1,fail,0,no transcript
SO,US8425871071,2007Q2,fail,0,no transcript
SO,US8425871071,2007Q3,ok,5537,108 turns
SO,US8425871071,2007Q4,ok,5872,104 turns
SO,US8425871071,2008Q1,ok,4123,78 turns
SO,US8425871071,2008Q2,ok,6799,145 turns
SO,US8425871071,2008Q3,ok,7015,209 turns
SO,US8425871071,2008Q4,ok,8491,150 turns
SO,US8425871071,2009Q1,ok,7519,131 turns
SO,US8425871071,2009Q2,ok,7660,137 turns
SO,US8425871071,2009Q3,ok,5232,79 turns
SO,US8425871071,2009Q4,ok,7146,102 turns
SO,US8425871071,2010Q1,ok,6717,93 turns
SO,US8425871071,2010Q2,ok,8497,149 turns
SO,US8425871071,2010Q3,ok,6554,104 turns
SO,US8425871071,2010Q4,ok,6207,35 turns
SO,US8425871071,2011Q1,ok,8712,139 turns
SO,US8425871071,2011Q2,ok,11811,159 turns
SO,US8425871071,2011Q3,ok,8528,118 turns
SO,US8425871071,2011Q4,ok,6963,72 turns
SO,US8425871071,2012Q1,ok,8590,98 turns
SO,US8425871071,2012Q2,ok,9415,102 turns
SO,US8425871071,2012Q3,ok,12521,144 turns
SO,US8425871071,2012Q4,ok,766,42 turns
SO,US8425871071,2013Q1,ok,10734,207 turns
SO,US8425871071,2013Q2,ok,10978,162 turns
SO,US8425871071,2013Q3,ok,8780,134 turns
SO,US8425871071,2013Q4,ok,5136,31 turns
SO,US8425871071,2014Q1,ok,6795,108 turns
SO,US8425871071,2014Q2,ok,8997,118 turns
SO,US8425871071,2014Q3,ok,8119,122 turns
SO,US8425871071,2014Q4,ok,11570,163 turns
SO,US8425871071,2015Q1,ok,9957,113 turns
SO,US8425871071,2015Q2,ok,10931,180 turns
SO,US8425871071,2015Q3,ok,8438,126 turns
SO,US8425871071,2015Q4,ok,8023,160 turns
SO,US8425871071,2016Q1,ok,7588,149 turns
SO,US8425871071,2016Q2,ok,12034,236 turns
SO,US8425871071,2016Q3,ok,13275,91 turns
SO,US8425871071,2016Q4,ok,9703,180 turns
SO,US8425871071,2017Q1,ok,11349,245 turns
SO,US8425871071,2017Q2,ok,11728,251 turns
SO,US8425871071,2017Q3,ok,7366,182 turns
SO,US8425871071,2017Q4,ok,7735,154 turns
SO,US8425871071,2018Q1,ok,8245,180 turns
SO,US8425871071,2018Q2,ok,12289,173 turns
SO,US8425871071,2018Q3,ok,11697,251 turns
SO,US8425871071,2018Q4,ok,9565,109 turns
SO,US8425871071,2019Q1,ok,8696,84 turns
SO,US8425871071,2019Q2,ok,8929,106 turns
SO,US8425871071,2019Q3,ok,9995,104 turns
SO,US8425871071,2019Q4,ok,9324,103 turns
SO,US8425871071,2020Q1,ok,12593,155 turns
SO,US8425871071,2020Q2,ok,8551,78 turns
SO,US8425871071,2020Q3,ok,2526,100 turns
SO,US8425871071,2020Q4,ok,9742,110 turns
SO,US8425871071,2021Q1,ok,10009,106 turns
SO,US8425871071,2021Q2,ok,5847,61 turns
SO,US8425871071,2021Q3,ok,8401,101 turns
SO,US8425871071,2021Q4,ok,9058,95 turns
SO,US8425871071,2022Q1,ok,8232,127 turns
SO,US8425871071,2022Q2,ok,7691,74 turns
SO,US8425871071,2022Q3,ok,8481,140 turns
SO,US8425871071,2022Q4,ok,7391,76 turns
SO,US8425871071,2023Q1,ok,4597,59 turns
SO,US8425871071,2023Q2,ok,5381,80 turns
SO,US8425871071,2023Q3,ok,6123,67 turns
SO,US8425871071,2023Q4,ok,3886,37 turns
SO,US8425871071,2024Q1,ok,6308,76 turns
SO,US8425871071,2024Q2,ok,5374,67 turns
SO,US8425871071,2024Q3,ok,6589,96 turns
SO,US8425871071,2024Q4,ok,7325,80 turns
D,US25746U1097,2007Q1,ok,273,8 turns
D,US25746U1097,2007Q2,ok,5848,82 turns
D,US25746U1097,2007Q3,ok,7709,116 turns
D,US25746U1097,2007Q4,ok,8321,110 turns
D,US25746U1097,2008Q1,ok,6438,65 turns
D,US25746U1097,2008Q2,ok,7014,64 turns
D,US25746U1097,2008Q3,ok,7812,91 turns
D,US25746U1097,2008Q4,ok,7880,96 turns
D,US25746U1097,2009Q1,ok,9286,98 turns
D,US25746U1097,2009Q2,ok,7910,46 turns
D,US25746U1097,2009Q3,ok,4366,59 turns
D,US25746U1097,2009Q4,ok,3932,27 turns
D,US25746U1097,2010Q1,ok,2088,16 turns
D,US25746U1097,2010Q2,ok,5001,32 turns
D,US25746U1097,2010Q3,ok,4243,31 turns
D,US25746U1097,2010Q4,ok,5422,34 turns
D,US25746U1097,2011Q1,ok,4584,32 turns
D,US25746U1097,2011Q2,ok,6651,71 turns
D,US25746U1097,2011Q3,ok,6062,68 turns
D,US25746U1097,2011Q4,ok,6691,76 turns
D,US25746U1097,2012Q1,ok,7214,89 turns
D,US25746U1097,2012Q2,ok,6211,56 turns
D,US25746U1097,2012Q3,ok,8133,86 turns
D,US25746U1097,2012Q4,ok,5301,70 turns
D,US25746U1097,2013Q1,ok,6427,99 turns
D,US25746U1097,2013Q2,ok,7311,84 turns
D,US25746U1097,2013Q3,ok,7152,89 turns
D,US25746U1097,2013Q4,ok,7306,66 turns
D,US25746U1097,2014Q1,ok,4947,50 turns
D,US25746U1097,2014Q2,ok,5693,70 turns
D,US25746U1097,2014Q3,ok,5877,59 turns
D,US25746U1097,2014Q4,fail,0,no transcript
D,US25746U1097,2015Q1,ok,7022,95 turns
D,US25746U1097,2015Q2,ok,5926,79 turns
D,US25746U1097,2015Q3,ok,5702,80 turns
D,US25746U1097,2015Q4,ok,7927,109 turns
D,US25746U1097,2016Q1,ok,5197,61 turns
D,US25746U1097,2016Q2,ok,6710,88 turns
D,US25746U1097,2016Q3,ok,5359,64 turns
D,US25746U1097,2016Q4,ok,7385,97 turns
D,US25746U1097,2017Q1,ok,4812,53 turns
D,US25746U1097,2017Q2,ok,4405,54 turns
D,US25746U1097,2017Q3,ok,6355,101 turns
D,US25746U1097,2017Q4,ok,4722,38 turns
D,US25746U1097,2018Q1,fail,0,no transcript
D,US25746U1097,2018Q2,ok,5042,58 turns
D,US25746U1097,2018Q3,ok,5208,37 turns
D,US25746U1097,2018Q4,ok,6004,72 turns
D,US25746U1097,2019Q1,ok,5165,67 turns
D,US25746U1097,2019Q2,ok,6205,53 turns
D,US25746U1097,2019Q3,ok,7001,77 turns
D,US25746U1097,2019Q4,ok,6361,37 turns
D,US25746U1097,2020Q1,ok,9724,78 turns
D,US25746U1097,2020Q2,ok,6866,74 turns
D,US25746U1097,2020Q3,ok,4357,44 turns
D,US25746U1097,2020Q4,ok,10362,52 turns
D,US25746U1097,2021Q1,ok,6226,52 turns
D,US25746U1097,2021Q2,ok,5949,35 turns
D,US25746U1097,2021Q3,ok,6438,41 turns
D,US25746U1097,2021Q4,ok,6324,30 turns
D,US25746U1097,2022Q1,ok,4484,39 turns
D,US25746U1097,2022Q2,ok,6526,39 turns
D,US25746U1097,2022Q3,ok,7169,41 turns
D,US25746U1097,2022Q4,ok,6328,49 turns
D,US25746U1097,2023Q1,ok,4530,26 turns
D,US25746U1097,2023Q2,ok,4296,19 turns
D,US25746U1097,2023Q3,ok,7746,33 turns
D,US25746U1097,2023Q4,ok,7974,60 turns
D,US25746U1097,2024Q1,ok,6008,33 turns
D,US25746U1097,2024Q2,ok,5741,35 turns
D,US25746U1097,2024Q3,ok,7457,60 turns
D,US25746U1097,2024Q4,ok,6602,40 turns
DAL,US2473617023,2007Q1,fail,0,no transcript
DAL,US2473617023,2007Q2,fail,0,no transcript
DAL,US2473617023,2007Q3,ok,8420,87 turns
DAL,US2473617023,2007Q4,ok,7644,84 turns
DAL,US2473617023,2008Q1,ok,8043,85 turns
DAL,US2473617023,2008Q2,ok,8635,60 turns
DAL,US2473617023,2008Q3,ok,8304,79 turns
DAL,US2473617023,2008Q4,ok,10637,82 turns
DAL,US2473617023,2009Q1,ok,8821,145 turns
DAL,US2473617023,2009Q2,ok,7704,110 turns
DAL,US2473617023,2009Q3,fail,0,no transcript
DAL,US2473617023,2009Q4,ok,8562,123 turns
DAL,US2473617023,2010Q1,fail,0,no transcript
DAL,US2473617023,2010Q2,fail,0,no transcript
DAL,US2473617023,2010Q3,fail,0,no transcript
DAL,US2473617023,2010Q4,fail,0,no transcript
DAL,US2473617023,2011Q1,fail,0,no transcript
DAL,US2473617023,2011Q2,ok,7931,125 turns
DAL,US2473617023,2011Q3,ok,7394,79 turns
DAL,US2473617023,2011Q4,ok,8192,152 turns
DAL,US2473617023,2012Q1,ok,7269,105 turns
DAL,US2473617023,2012Q2,ok,8446,99 turns
DAL,US2473617023,2012Q3,ok,9107,148 turns
DAL,US2473617023,2012Q4,ok,8337,118 turns
XOM,US30231G1022,2026Q1,fail,0,all AV keys exhausted
XOM,US30231G1022,2026Q1,fail,0,all AV keys exhausted
XOM,US30231G1022,2026Q1,ok,7426,54 turns
XOM,US30231G1022,2026Q2,fail,0,no transcript
XOM,US30231G1022,2026Q3,fail,0,no transcript
XOM,US30231G1022,2026Q4,fail,0,no transcript
CVX,US1667641005,2025Q1,ok,7209,68 turns
CVX,US1667641005,2025Q2,ok,6881,67 turns
CVX,US1667641005,2025Q3,ok,6814,60 turns
CVX,US1667641005,2025Q4,ok,7973,57 turns
CVX,US1667641005,2026Q1,ok,7107,59 turns
CVX,US1667641005,2026Q2,ok,8326,59 turns
CVX,US1667641005,2026Q3,fail,0,no transcript
CVX,US1667641005,2026Q4,fail,0,no transcript
NEE,US65339F1012,2025Q1,ok,7941,56 turns
NEE,US65339F1012,2025Q2,ok,6471,59 turns
NEE,US65339F1012,2025Q3,ok,6455,46 turns
NEE,US65339F1012,2025Q4,ok,8589,53 turns
NEE,US65339F1012,2026Q1,ok,8022,34 turns
NEE,US65339F1012,2026Q2,ok,8147,38 turns
NEE,US65339F1012,2026Q3,fail,0,no transcript
NEE,US65339F1012,2026Q4,fail,0,no transcript
DUK,US26441C2044,2025Q1,ok,3843,43 turns
DUK,US26441C2044,2025Q2,ok,4826,50 turns
DUK,US26441C2044,2025Q3,ok,4782,47 turns
DUK,US26441C2044,2025Q4,ok,6919,69 turns
DUK,US26441C2044,2026Q1,ok,5415,36 turns
DUK,US26441C2044,2026Q2,ok,4676,40 turns
DUK,US26441C2044,2026Q3,fail,0,no transcript
DUK,US26441C2044,2026Q4,fail,0,no transcript
COP,US20825C1045,2025Q1,ok,4379,51 turns
COP,US20825C1045,2025Q2,ok,6513,50 turns
COP,US20825C1045,2025Q3,ok,7772,40 turns
COP,US20825C1045,2025Q4,ok,9090,55 turns
COP,US20825C1045,2026Q1,ok,7704,50 turns
COP,US20825C1045,2026Q2,fail,0,no transcript
COP,US20825C1045,2026Q3,fail,0,no transcript
COP,US20825C1045,2026Q4,fail,0,no transcript
OXY,US6745991058,2025Q1,ok,7343,50 turns
OXY,US6745991058,2025Q2,ok,7785,60 turns
OXY,US6745991058,2025Q3,ok,7297,49 turns
OXY,US6745991058,2025Q4,ok,7872,34 turns
OXY,US6745991058,2026Q1,ok,7711,36 turns
OXY,US6745991058,2026Q2,fail,0,no transcript
OXY,US6745991058,2026Q3,fail,0,no transcript
OXY,US6745991058,2026Q4,fail,0,no transcript
SO,US8425871071,2025Q1,ok,5133,72 turns
SO,US8425871071,2025Q2,ok,6718,71 turns
SO,US8425871071,2025Q3,fail,0,all AV keys exhausted
SO,US8425871071,2025Q3,ok,5408,65 turns
SO,US8425871071,2025Q4,ok,7760,68 turns
D,US25746U1097,2025Q1,ok,5727,69 turns
D,US25746U1097,2025Q2,ok,4826,26 turns
D,US25746U1097,2025Q3,ok,6272,55 turns
D,US25746U1097,2025Q4,ok,8844,59 turns
DAL,US2473617023,2013Q1,ok,7725,84 turns
DAL,US2473617023,2013Q2,ok,8626,107 turns
DAL,US2473617023,2013Q3,ok,5823,52 turns
DAL,US2473617023,2013Q4,ok,5493,44 turns
DAL,US2473617023,2014Q1,ok,8528,112 turns
DAL,US2473617023,2014Q2,ok,9120,107 turns
DAL,US2473617023,2014Q3,ok,8313,103 turns
DAL,US2473617023,2014Q4,ok,8755,109 turns
DAL,US2473617023,2015Q1,ok,3653,100 turns
DAL,US2473617023,2015Q2,ok,7838,101 turns
DAL,US2473617023,2015Q3,ok,8421,98 turns
DAL,US2473617023,2015Q4,ok,7322,88 turns
DAL,US2473617023,2016Q1,fail,0,all AV keys exhausted
DAL,US2473617023,2016Q1,fail,0,all AV keys exhausted
DAL,US2473617023,2016Q1,ok,9381,126 turns
DAL,US2473617023,2016Q2,ok,7152,89 turns
DAL,US2473617023,2016Q3,ok,7142,90 turns
DAL,US2473617023,2016Q4,ok,8381,75 turns
DAL,US2473617023,2017Q1,ok,6738,69 turns
DAL,US2473617023,2017Q2,ok,7552,94 turns
DAL,US2473617023,2017Q3,ok,8936,88 turns
DAL,US2473617023,2017Q4,ok,8989,121 turns
DAL,US2473617023,2018Q1,ok,9156,138 turns
DAL,US2473617023,2018Q2,ok,9574,122 turns
DAL,US2473617023,2018Q3,ok,8896,96 turns
DAL,US2473617023,2018Q4,ok,8649,98 turns
DAL,US2473617023,2019Q1,ok,8360,71 turns
DAL,US2473617023,2019Q2,ok,10449,117 turns
DAL,US2473617023,2019Q3,ok,8843,92 turns
DAL,US2473617023,2019Q4,ok,8879,121 turns
DAL,US2473617023,2020Q1,ok,9387,124 turns
DAL,US2473617023,2020Q2,ok,7804,79 turns
DAL,US2473617023,2020Q3,ok,5771,108 turns
DAL,US2473617023,2020Q4,ok,7134,66 turns
DAL,US2473617023,2021Q1,ok,10432,87 turns
DAL,US2473617023,2021Q2,ok,10493,68 turns
DAL,US2473617023,2021Q3,ok,9071,73 turns
DAL,US2473617023,2021Q4,ok,9813,103 turns
DAL,US2473617023,2022Q1,ok,8995,89 turns
DAL,US2473617023,2022Q2,ok,10706,94 turns
DAL,US2473617023,2022Q3,ok,9466,106 turns
DAL,US2473617023,2022Q4,ok,7824,53 turns
DAL,US2473617023,2023Q1,ok,7979,76 turns
DAL,US2473617023,2023Q2,ok,6481,81 turns
DAL,US2473617023,2023Q3,ok,8610,101 turns
DAL,US2473617023,2023Q4,ok,8894,69 turns
DAL,US2473617023,2024Q1,ok,5088,45 turns
DAL,US2473617023,2024Q2,ok,8581,97 turns
DAL,US2473617023,2024Q3,ok,8004,110 turns
DAL,US2473617023,2024Q4,ok,8255,64 turns
DAL,US2473617023,2025Q1,ok,6171,61 turns
DAL,US2473617023,2025Q2,ok,9466,90 turns
DAL,US2473617023,2025Q3,ok,7224,62 turns
DAL,US2473617023,2025Q4,ok,10621,92 turns
GM,US37045V1008,2025Q1,ok,9639,55 turns
GM,US37045V1008,2025Q2,ok,10078,59 turns
GM,US37045V1008,2025Q3,ok,8656,63 turns
GM,US37045V1008,2025Q4,ok,9767,72 turns
F,US3453708600,2025Q1,ok,6307,49 turns
F,US3453708600,2025Q2,ok,8201,64 turns
F,US3453708600,2025Q3,ok,6876,71 turns
F,US3453708600,2025Q4,ok,8100,53 turns
CAT,US1491231015,2025Q1,ok,9301,46 turns
CAT,US1491231015,2025Q2,ok,8423,44 turns
CAT,US1491231015,2025Q3,ok,8936,42 turns
CAT,US1491231015,2025Q4,ok,9263,33 turns
BA,US0970231058,2025Q1,ok,7527,42 turns
BA,US0970231058,2025Q2,ok,6954,40 turns
BA,US0970231058,2025Q3,ok,7692,49 turns
BA,US0970231058,2025Q4,ok,8791,53 turns
HON,US4385161066,2007Q1,fail,0,no transcript
HON,US4385161066,2007Q2,ok,8328,131 turns
HON,US4385161066,2007Q3,ok,7679,92 turns
HON,US4385161066,2007Q4,ok,8794,98 turns
HON,US4385161066,2008Q1,ok,9100,75 turns
HON,US4385161066,2008Q2,ok,8726,79 turns
HON,US4385161066,2008Q3,ok,10919,52 turns
HON,US4385161066,2008Q4,ok,1838,17 turns
HON,US4385161066,2009Q1,ok,8870,72 turns
HON,US4385161066,2009Q2,ok,3030,13 turns
HON,US4385161066,2009Q3,ok,2755,14 turns
HON,US4385161066,2009Q4,ok,8575,63 turns
HON,US4385161066,2010Q1,ok,2452,17 turns
HON,US4385161066,2010Q2,ok,5548,59 turns
HON,US4385161066,2010Q3,ok,7658,48 turns
HON,US4385161066,2010Q4,ok,9996,92 turns
HON,US4385161066,2011Q1,ok,8254,120 turns
HON,US4385161066,2011Q2,ok,2703,22 turns
HON,US4385161066,2011Q3,ok,5472,64 turns
HON,US4385161066,2011Q4,ok,7658,104 turns
HON,US4385161066,2012Q1,ok,3330,29 turns
HON,US4385161066,2012Q2,ok,7639,72 turns
HON,US4385161066,2012Q3,ok,7960,49 turns
HON,US4385161066,2012Q4,ok,7661,79 turns
HON,US4385161066,2013Q1,ok,8345,90 turns
HON,US4385161066,2013Q2,ok,9022,101 turns
HON,US4385161066,2013Q3,ok,9173,108 turns
HON,US4385161066,2013Q4,ok,9596,95 turns
HON,US4385161066,2014Q1,ok,8698,95 turns
HON,US4385161066,2014Q2,ok,9034,125 turns
HON,US4385161066,2014Q3,ok,11098,115 turns
HON,US4385161066,2014Q4,ok,9950,87 turns
HON,US4385161066,2015Q1,ok,11242,116 turns
HON,US4385161066,2015Q2,ok,6043,111 turns
HON,US4385161066,2015Q3,ok,10138,49 turns
HON,US4385161066,2015Q4,ok,2639,52 turns
HON,US4385161066,2016Q1,ok,9997,89 turns
HON,US4385161066,2016Q2,ok,11548,115 turns
HON,US4385161066,2016Q3,ok,9220,64 turns
HON,US4385161066,2016Q4,ok,7086,110 turns
HON,US4385161066,2017Q1,ok,8495,70 turns
HON,US4385161066,2017Q2,ok,9597,76 turns
HON,US4385161066,2017Q3,ok,8510,92 turns
HON,US4385161066,2017Q4,ok,9148,75 turns
HON,US4385161066,2018Q1,ok,9486,115 turns
HON,US4385161066,2018Q2,ok,10098,86 turns
HON,US4385161066,2018Q3,ok,10901,77 turns
HON,US4385161066,2018Q4,ok,9996,102 turns
HON,US4385161066,2019Q1,ok,8576,83 turns
HON,US4385161066,2019Q2,ok,9475,82 turns
HON,US4385161066,2019Q3,ok,8673,81 turns
HON,US4385161066,2019Q4,ok,9997,90 turns
HON,US4385161066,2020Q1,ok,9960,94 turns
HON,US4385161066,2020Q2,ok,8918,95 turns
HON,US4385161066,2020Q3,ok,9300,71 turns
HON,US4385161066,2020Q4,ok,5981,75 turns
HON,US4385161066,2021Q1,ok,5980,89 turns
HON,US4385161066,2021Q2,ok,6298,102 turns
HON,US4385161066,2021Q3,ok,7700,73 turns
HON,US4385161066,2021Q4,ok,10160,62 turns
HON,US4385161066,2022Q1,ok,9346,83 turns
HON,US4385161066,2022Q2,ok,8689,39 turns
HON,US4385161066,2022Q3,ok,8814,50 turns
HON,US4385161066,2022Q4,ok,9227,78 turns
HON,US4385161066,2023Q1,ok,8035,81 turns
HON,US4385161066,2023Q2,ok,8600,95 turns
HON,US4385161066,2023Q3,ok,8271,78 turns
HON,US4385161066,2023Q4,ok,9707,85 turns
HON,US4385161066,2024Q1,ok,6159,43 turns
HON,US4385161066,2024Q2,ok,9328,99 turns
HON,US4385161066,2024Q3,ok,9002,87 turns
HON,US4385161066,2024Q4,ok,4640,59 turns
HON,US4385161066,2025Q1,ok,9748,108 turns
HON,US4385161066,2025Q2,ok,7720,73 turns
HON,US4385161066,2025Q3,ok,8881,68 turns
HON,US4385161066,2025Q4,ok,10275,92 turns
MMM,US88579Y1010,2007Q1,fail,0,no transcript
MMM,US88579Y1010,2007Q2,fail,0,no transcript
MMM,US88579Y1010,2007Q3,ok,10090,108 turns
MMM,US88579Y1010,2007Q4,ok,4281,122 turns
MMM,US88579Y1010,2008Q1,ok,4588,113 turns
MMM,US88579Y1010,2008Q2,ok,8090,98 turns
MMM,US88579Y1010,2008Q3,ok,5892,114 turns
MMM,US88579Y1010,2008Q4,ok,6697,107 turns
MMM,US88579Y1010,2009Q1,ok,10878,48 turns
MMM,US88579Y1010,2009Q2,fail,0,no transcript
MMM,US88579Y1010,2009Q3,ok,5073,74 turns
MMM,US88579Y1010,2009Q4,ok,10849,52 turns
MMM,US88579Y1010,2010Q1,ok,8442,58 turns
MMM,US88579Y1010,2010Q2,ok,9341,55 turns
MMM,US88579Y1010,2010Q3,ok,8596,59 turns
MMM,US88579Y1010,2010Q4,ok,9724,77 turns
MMM,US88579Y1010,2011Q1,ok,9196,85 turns
MMM,US88579Y1010,2011Q2,ok,9144,64 turns
MMM,US88579Y1010,2011Q3,ok,8691,74 turns
MMM,US88579Y1010,2011Q4,ok,8419,98 turns
MMM,US88579Y1010,2012Q1,ok,7590,63 turns
MMM,US88579Y1010,2012Q2,ok,5761,57 turns
MMM,US88579Y1010,2012Q3,ok,5809,56 turns
MMM,US88579Y1010,2012Q4,ok,8734,89 turns
MMM,US88579Y1010,2013Q1,ok,8580,109 turns
MMM,US88579Y1010,2013Q2,ok,7381,86 turns
MMM,US88579Y1010,2013Q3,ok,6650,93 turns
MMM,US88579Y1010,2013Q4,ok,7251,100 turns
MMM,US88579Y1010,2014Q1,ok,9994,75 turns
MMM,US88579Y1010,2014Q2,fail,0,all AV keys exhausted
JPM,US46625H1005,2014Q3,fail,0,no transcript
JPM,US46625H1005,2025Q1,ok,8618,100 turns
JPM,US46625H1005,2025Q2,ok,10058,104 turns
JPM,US46625H1005,2025Q3,ok,9393,64 turns
JPM,US46625H1005,2025Q4,ok,10763,75 turns
MSFT,US5949181045,2025Q1,ok,8567,34 turns
MSFT,US5949181045,2025Q2,ok,8436,50 turns
MSFT,US5949181045,2025Q3,ok,8002,48 turns
MSFT,US5949181045,2025Q4,ok,7428,33 turns
WMT,US9311421039,2008Q1,ok,245,7 turns
WMT,US9311421039,2008Q2,ok,4532,6 turns
WMT,US9311421039,2008Q3,ok,5416,7 turns
WMT,US9311421039,2008Q4,ok,7762,7 turns
WMT,US9311421039,2009Q1,ok,5965,7 turns
WMT,US9311421039,2009Q2,ok,7379,7 turns
WMT,US9311421039,2009Q3,ok,6967,7 turns
WMT,US9311421039,2009Q4,fail,0,no transcript
WMT,US9311421039,2010Q1,fail,0,no transcript
WMT,US9311421039,2010Q2,ok,7726,7 turns
WMT,US9311421039,2010Q3,ok,7592,7 turns
WMT,US9311421039,2010Q4,ok,9442,7 turns
WMT,US9311421039,2011Q1,ok,6333,7 turns
WMT,US9311421039,2011Q2,ok,8588,8 turns
WMT,US9311421039,2011Q3,ok,9601,7 turns
WMT,US9311421039,2011Q4,ok,10886,8 turns
WMT,US9311421039,2012Q1,ok,9528,8 turns
WMT,US9311421039,2012Q2,ok,9202,8 turns
WMT,US9311421039,2012Q3,ok,10116,8 turns
WMT,US9311421039,2012Q4,ok,5996,5 turns
WMT,US9311421039,2013Q1,ok,1572,8 turns
WMT,US9311421039,2013Q2,ok,10369,8 turns
WMT,US9311421039,2013Q3,ok,9870,8 turns
WMT,US9311421039,2013Q4,ok,13168,10 turns
WMT,US9311421039,2014Q1,ok,9679,9 turns
WMT,US9311421039,2014Q2,ok,6066,9 turns
WMT,US9311421039,2014Q3,ok,10200,8 turns
WMT,US9311421039,2014Q4,ok,12969,7 turns
WMT,US9311421039,2015Q1,ok,9825,8 turns
WMT,US9311421039,2015Q2,ok,9266,8 turns
WMT,US9311421039,2015Q3,ok,7822,7 turns
WMT,US9311421039,2015Q4,ok,9060,8 turns
WMT,US9311421039,2016Q1,ok,9100,10 turns
WMT,US9311421039,2016Q2,ok,10841,9 turns
WMT,US9311421039,2016Q3,ok,9940,10 turns
WMT,US9311421039,2016Q4,ok,10837,8 turns
WMT,US9311421039,2017Q1,ok,4610,4 turns
WMT,US9311421039,2017Q2,ok,3543,3 turns
WMT,US9311421039,2017Q3,ok,3747,3 turns
WMT,US9311421039,2017Q4,ok,5041,4 turns
WMT,US9311421039,2018Q1,ok,4412,4 turns
WMT,US9311421039,2018Q2,ok,4379,4 turns
WMT,US9311421039,2018Q3,ok,5975,122 turns
WMT,US9311421039,2018Q4,ok,9546,91 turns
WMT,US9311421039,2019Q1,ok,3122,10 turns
WMT,US9311421039,2019Q2,fail,0,no transcript
WMT,US9311421039,2019Q3,fail,0,no transcript
WMT,US9311421039,2019Q4,ok,10439,75 turns
WMT,US9311421039,2020Q1,fail,0,no transcript
WMT,US9311421039,2020Q2,fail,0,no transcript
WMT,US9311421039,2020Q3,fail,0,no transcript
WMT,US9311421039,2020Q4,ok,10069,69 turns
WMT,US9311421039,2021Q1,ok,8738,37 turns
WMT,US9311421039,2021Q2,ok,9561,74 turns
WMT,US9311421039,2021Q3,ok,9823,56 turns
WMT,US9311421039,2021Q4,ok,8836,34 turns
WMT,US9311421039,2025Q1,ok,9385,64 turns
WMT,US9311421039,2025Q2,ok,8663,52 turns
WMT,US9311421039,2025Q3,ok,10145,56 turns
WMT,US9311421039,2025Q4,ok,10025,61 turns
PFE,US7170811035,2007Q1,fail,0,no transcript
PFE,US7170811035,2007Q2,ok,7559,61 turns
PFE,US7170811035,2007Q3,ok,9958,62 turns
PFE,US7170811035,2007Q4,ok,5511,70 turns
PFE,US7170811035,2008Q1,ok,9056,69 turns
PFE,US7170811035,2008Q2,ok,9335,80 turns
PFE,US7170811035,2008Q3,ok,7708,45 turns
PFE,US7170811035,2008Q4,ok,8958,54 turns
PFE,US7170811035,2009Q1,ok,9339,58 turns
PFE,US7170811035,2009Q2,ok,6952,43 turns
PFE,US7170811035,2009Q3,ok,7481,48 turns
PFE,US7170811035,2009Q4,ok,10613,63 turns
PFE,US7170811035,2010Q1,ok,7347,51 turns
PFE,US7170811035,2010Q2,ok,6690,52 turns
PFE,US7170811035,2010Q3,ok,6719,54 turns
PFE,US7170811035,2010Q4,ok,9278,62 turns
PFE,US7170811035,2011Q1,ok,7369,57 turns
PFE,US7170811035,2011Q2,ok,8251,64 turns
PFE,US7170811035,2011Q3,ok,7562,78 turns
PFE,US7170811035,2011Q4,ok,7979,72 turns
PFE,US7170811035,2012Q1,ok,8254,73 turns
PFE,US7170811035,2012Q2,ok,8721,52 turns
PFE,US7170811035,2012Q3,ok,5785,56 turns
PFE,US7170811035,2012Q4,ok,8630,98 turns
PFE,US7170811035,2013Q1,ok,10334,91 turns
PFE,US7170811035,2013Q2,ok,8911,86 turns
PFE,US7170811035,2013Q3,ok,9300,79 turns
PFE,US7170811035,2013Q4,ok,9825,101 turns
PFE,US7170811035,2014Q1,ok,10854,71 turns
PFE,US7170811035,2014Q2,ok,9612,67 turns
PFE,US7170811035,2014Q3,fail,0,all AV keys exhausted
PFE,US7170811035,2014Q3,ok,9622,85 turns
PFE,US7170811035,2014Q4,ok,10228,79 turns
PFE,US7170811035,2015Q1,ok,8437,71 turns
PFE,US7170811035,2015Q2,ok,10414,86 turns
PFE,US7170811035,2015Q3,ok,10084,93 turns
PFE,US7170811035,2015Q4,ok,8553,86 turns
PFE,US7170811035,2016Q1,ok,11772,129 turns
PFE,US7170811035,2016Q2,ok,11231,116 turns
PFE,US7170811035,2016Q3,ok,11929,101 turns
PFE,US7170811035,2016Q4,ok,13272,106 turns
PFE,US7170811035,2017Q1,ok,8603,106 turns
PFE,US7170811035,2017Q2,ok,10574,84 turns
PFE,US7170811035,2017Q3,ok,9305,112 turns
PFE,US7170811035,2017Q4,fail,0,all AV keys exhausted
MMM,US88579Y1010,2007Q1,fail,0,no transcript
MMM,US88579Y1010,2007Q2,fail,0,no transcript
MMM,US88579Y1010,2009Q2,fail,0,no transcript
MMM,US88579Y1010,2014Q2,ok,8514,68 turns
MMM,US88579Y1010,2014Q3,ok,8427,103 turns
MMM,US88579Y1010,2014Q4,ok,5068,61 turns
MMM,US88579Y1010,2015Q1,ok,7556,70 turns
MMM,US88579Y1010,2015Q2,ok,7299,104 turns
MMM,US88579Y1010,2015Q3,ok,8417,95 turns
MMM,US88579Y1010,2015Q4,ok,9186,138 turns
MMM,US88579Y1010,2016Q1,ok,8170,81 turns
MMM,US88579Y1010,2016Q2,ok,8732,99 turns
MMM,US88579Y1010,2016Q3,ok,8403,81 turns
MMM,US88579Y1010,2016Q4,ok,8185,89 turns
MMM,US88579Y1010,2017Q1,ok,8429,93 turns
MMM,US88579Y1010,2017Q2,ok,7482,50 turns
MMM,US88579Y1010,2017Q3,ok,2704,57 turns
MMM,US88579Y1010,2017Q4,ok,8334,80 turns
MMM,US88579Y1010,2018Q1,ok,6381,63 turns
MMM,US88579Y1010,2018Q2,ok,3321,27 turns
MMM,US88579Y1010,2018Q3,ok,9322,81 turns
MMM,US88579Y1010,2018Q4,ok,9076,93 turns
MMM,US88579Y1010,2019Q1,ok,8991,110 turns
MMM,US88579Y1010,2019Q2,fail,0,all AV keys exhausted
MMM,US88579Y1010,2019Q2,ok,9423,144 turns
MMM,US88579Y1010,2019Q3,ok,7032,78 turns
MMM,US88579Y1010,2019Q4,ok,9585,94 turns
MMM,US88579Y1010,2020Q1,ok,8434,126 turns
MMM,US88579Y1010,2020Q2,ok,8593,86 turns
MMM,US88579Y1010,2020Q3,ok,9643,134 turns
MMM,US88579Y1010,2020Q4,ok,9725,82 turns
MMM,US88579Y1010,2021Q1,ok,9631,62 turns
MMM,US88579Y1010,2021Q2,ok,7788,51 turns
MMM,US88579Y1010,2021Q3,ok,8416,88 turns
MMM,US88579Y1010,2021Q4,ok,9740,86 turns
MMM,US88579Y1010,2022Q1,ok,9593,95 turns
MMM,US88579Y1010,2022Q2,ok,11158,111 turns
MMM,US88579Y1010,2022Q3,ok,8861,100 turns
MMM,US88579Y1010,2022Q4,ok,8963,84 turns
MMM,US88579Y1010,2023Q1,ok,9606,92 turns
MMM,US88579Y1010,2023Q2,ok,7437,51 turns
MMM,US88579Y1010,2023Q3,ok,7541,56 turns
MMM,US88579Y1010,2023Q4,ok,7263,36 turns
MMM,US88579Y1010,2024Q1,ok,8712,84 turns
MMM,US88579Y1010,2024Q2,ok,8834,62 turns
MMM,US88579Y1010,2024Q3,ok,9888,106 turns
MMM,US88579Y1010,2024Q4,ok,8988,103 turns
MMM,US88579Y1010,2025Q1,ok,9480,92 turns
MMM,US88579Y1010,2025Q2,ok,9816,69 turns
MMM,US88579Y1010,2025Q3,ok,9240,58 turns
MMM,US88579Y1010,2025Q4,ok,10418,65 turns
PFE,US7170811035,2017Q4,ok,8864,106 turns
PFE,US7170811035,2018Q1,ok,10150,93 turns
PFE,US7170811035,2018Q2,ok,9686,77 turns
PFE,US7170811035,2018Q3,ok,10308,77 turns
PFE,US7170811035,2018Q4,ok,7876,83 turns
PFE,US7170811035,2019Q1,ok,8125,93 turns
PFE,US7170811035,2019Q2,ok,6975,76 turns
PFE,US7170811035,2019Q3,ok,7542,70 turns
PFE,US7170811035,2019Q4,ok,10437,94 turns
PFE,US7170811035,2020Q1,ok,8862,70 turns
PFE,US7170811035,2020Q2,ok,8892,69 turns
PFE,US7170811035,2020Q3,ok,8783,82 turns
PFE,US7170811035,2020Q4,ok,7759,60 turns
PFE,US7170811035,2021Q1,ok,7230,49 turns
PFE,US7170811035,2021Q2,ok,7948,107 turns
PFE,US7170811035,2021Q3,ok,11521,71 turns
PFE,US7170811035,2021Q4,ok,15589,85 turns
PFE,US7170811035,2025Q1,ok,3017,28 turns
PFE,US7170811035,2025Q2,ok,9926,77 turns
PFE,US7170811035,2025Q3,ok,7727,52 turns
PFE,US7170811035,2025Q4,ok,9825,92 turns
KO,US1912161007,2007Q1,fail,0,no transcript
KO,US1912161007,2007Q2,fail,0,no transcript
KO,US1912161007,2007Q3,fail,0,no transcript
KO,US1912161007,2007Q4,fail,0,no transcript
KO,US1912161007,2008Q1,ok,7188,75 turns
KO,US1912161007,2008Q2,ok,6059,32 turns
KO,US1912161007,2008Q3,ok,7793,53 turns
KO,US1912161007,2008Q4,ok,8494,43 turns
KO,US1912161007,2009Q1,ok,8095,48 turns
KO,US1912161007,2009Q2,ok,7436,29 turns
KO,US1912161007,2009Q3,ok,7085,42 turns
KO,US1912161007,2009Q4,ok,8811,54 turns
KO,US1912161007,2010Q1,ok,8275,61 turns
KO,US1912161007,2010Q2,ok,8503,46 turns
KO,US1912161007,2010Q3,ok,8979,52 turns
KO,US1912161007,2010Q4,ok,9332,37 turns
KO,US1912161007,2011Q1,ok,8757,30 turns
KO,US1912161007,2011Q2,ok,7665,28 turns
KO,US1912161007,2011Q3,ok,7969,45 turns
KO,US1912161007,2011Q4,ok,6001,28 turns
KO,US1912161007,2012Q1,ok,6612,27 turns
KO,US1912161007,2012Q2,ok,6062,52 turns
KO,US1912161007,2012Q3,ok,8182,32 turns
KO,US1912161007,2012Q4,ok,9649,41 turns
KO,US1912161007,2013Q1,ok,4185,19 turns
KO,US1912161007,2013Q2,ok,9241,47 turns
KO,US1912161007,2013Q3,ok,5900,48 turns
KO,US1912161007,2013Q4,ok,5498,19 turns
KO,US1912161007,2014Q1,ok,8182,47 turns
KO,US1912161007,2014Q2,ok,7915,73 turns
KO,US1912161007,2014Q3,ok,8889,82 turns
KO,US1912161007,2014Q4,ok,5121,27 turns
KO,US1912161007,2015Q1,ok,2931,22 turns
KO,US1912161007,2015Q2,ok,6797,41 turns
KO,US1912161007,2015Q3,ok,7599,59 turns
KO,US1912161007,2015Q4,ok,9274,82 turns
KO,US1912161007,2016Q1,ok,8492,75 turns
KO,US1912161007,2016Q2,ok,8011,71 turns
KO,US1912161007,2016Q3,ok,8299,66 turns
KO,US1912161007,2016Q4,ok,5971,32 turns
KO,US1912161007,2017Q1,ok,8553,34 turns
KO,US1912161007,2017Q2,ok,7326,72 turns
KO,US1912161007,2017Q3,ok,8383,90 turns
KO,US1912161007,2017Q4,ok,8959,83 turns
KO,US1912161007,2018Q1,ok,7981,81 turns
KO,US1912161007,2018Q2,ok,8982,92 turns
KO,US1912161007,2018Q3,ok,8715,97 turns
KO,US1912161007,2018Q4,ok,7794,57 turns
KO,US1912161007,2019Q1,ok,6294,42 turns
KO,US1912161007,2019Q2,ok,7075,46 turns
KO,US1912161007,2019Q3,ok,7332,62 turns
KO,US1912161007,2019Q4,ok,8523,52 turns
KO,US1912161007,2020Q1,ok,8908,54 turns
KO,US1912161007,2020Q2,ok,10346,48 turns
KO,US1912161007,2020Q3,ok,9994,54 turns
KO,US1912161007,2020Q4,ok,8253,41 turns
KO,US1912161007,2021Q1,ok,7779,48 turns
KO,US1912161007,2021Q2,ok,8222,45 turns
KO,US1912161007,2021Q3,ok,8348,51 turns
KO,US1912161007,2021Q4,ok,7554,49 turns
KO,US1912161007,2025Q1,ok,8365,63 turns
KO,US1912161007,2025Q2,ok,8346,49 turns
KO,US1912161007,2025Q3,ok,8310,52 turns
KO,US1912161007,2025Q4,ok,8092,48 turns
UNH,US91324P1021,2007Q1,fail,0,no transcript
UNH,US91324P1021,2007Q2,fail,0,no transcript
UNH,US91324P1021,2007Q3,fail,0,no transcript
UNH,US91324P1021,2007Q4,fail,0,no transcript
UNH,US91324P1021,2008Q1,fail,0,no transcript
UNH,US91324P1021,2008Q2,fail,0,no transcript
UNH,US91324P1021,2008Q3,fail,0,no transcript
UNH,US91324P1021,2008Q4,fail,0,no transcript
UNH,US91324P1021,2009Q1,fail,0,no transcript
UNH,US91324P1021,2009Q2,fail,0,no transcript
UNH,US91324P1021,2009Q3,fail,0,no transcript
UNH,US91324P1021,2009Q4,fail,0,no transcript
UNH,US91324P1021,2010Q1,fail,0,no transcript
UNH,US91324P1021,2010Q2,fail,0,no transcript
UNH,US91324P1021,2010Q3,fail,0,no transcript
UNH,US91324P1021,2010Q4,fail,0,no transcript
UNH,US91324P1021,2011Q1,fail,0,no transcript
UNH,US91324P1021,2011Q2,fail,0,no transcript
UNH,US91324P1021,2011Q3,fail,0,no transcript
UNH,US91324P1021,2011Q4,fail,0,no transcript
UNH,US91324P1021,2012Q1,fail,0,no transcript
UNH,US91324P1021,2012Q2,fail,0,no transcript
UNH,US91324P1021,2012Q3,fail,0,no transcript
UNH,US91324P1021,2012Q4,fail,0,no transcript
UNH,US91324P1021,2013Q1,ok,9307,122 turns
UNH,US91324P1021,2013Q2,ok,8745,72 turns
UNH,US91324P1021,2013Q3,ok,10728,104 turns
UNH,US91324P1021,2013Q4,ok,8762,94 turns
UNH,US91324P1021,2014Q1,ok,9835,99 turns
UNH,US91324P1021,2014Q2,ok,9438,118 turns
UNH,US91324P1021,2014Q3,ok,7558,85 turns
UNH,US91324P1021,2014Q4,ok,7886,78 turns
UNH,US91324P1021,2015Q1,ok,7593,69 turns
UNH,US91324P1021,2015Q2,ok,8782,112 turns
UNH,US91324P1021,2015Q3,ok,8559,130 turns
UNH,US91324P1021,2015Q4,ok,8949,103 turns
UNH,US91324P1021,2016Q1,ok,8710,103 turns
UNH,US91324P1021,2016Q2,ok,8430,87 turns
UNH,US91324P1021,2016Q3,ok,10174,77 turns
UNH,US91324P1021,2016Q4,ok,7636,75 turns
UNH,US91324P1021,2017Q1,ok,10271,79 turns
UNH,US91324P1021,2017Q2,ok,10418,95 turns
UNH,US91324P1021,2017Q3,ok,11249,107 turns
UNH,US91324P1021,2017Q4,ok,8782,83 turns
UNH,US91324P1021,2018Q1,ok,10456,82 turns
UNH,US91324P1021,2018Q2,ok,10778,97 turns
UNH,US91324P1021,2018Q3,ok,10634,67 turns
UNH,US91324P1021,2018Q4,ok,9815,114 turns
UNH,US91324P1021,2019Q1,ok,9169,93 turns
UNH,US91324P1021,2019Q2,ok,9200,78 turns
UNH,US91324P1021,2019Q3,ok,10322,91 turns
UNH,US91324P1021,2019Q4,ok,6690,50 turns
UNH,US91324P1021,2020Q1,ok,8867,78 turns
UNH,US91324P1021,2020Q2,ok,8951,71 turns
UNH,US91324P1021,2020Q3,ok,9534,80 turns
UNH,US91324P1021,2020Q4,ok,7756,72 turns
UNH,US91324P1021,2021Q1,ok,8624,61 turns
UNH,US91324P1021,2021Q2,ok,8409,57 turns
UNH,US91324P1021,2021Q3,ok,6252,68 turns
UNH,US91324P1021,2021Q4,ok,7146,69 turns
UNH,US91324P1021,2025Q1,ok,8942,57 turns
UNH,US91324P1021,2025Q2,ok,8645,39 turns
UNH,US91324P1021,2025Q3,ok,9171,73 turns
UNH,US91324P1021,2025Q4,ok,8375,47 turns
